"Lab","days_since_positive","France-01","France-02","Germany-02","Germany-01","Germany-03","Italy-01","Italy-03","Italy-02","USA-03","USA-08","USA-11","USA-01","USA-04","USA-07","USA-06","USA-02","USA-10","USA-05","USA-09","USA-12","France","Germany","Italy","US"
"alanine aminotransferase (ALT)","n_max",142,637,64,6,30,13,445,927,105,349,0,258,38,44,57,0,46,40,5,9,779,100,1385,951
"alanine aminotransferase (ALT)","0",0.126760563380282,0.189952904238619,0.734375,NA,0.633333333333333,NA,0.155056179775281,0.741100323624595,0.895238095238095,0.114613180515759,NA,NA,NA,0.454545454545455,NA,NA,1,0.95,NA,NA,0.178433889602054,0.66,0.545848375451264,0.250262881177708
"alanine aminotransferase (ALT)","1",1,1,1,NA,1,NA,1,1,1,1,NA,1,1,1,1,NA,0.630434782608696,0.95,NA,NA,1,0.94,0.990613718411552,0.965299684542587
"alanine aminotransferase (ALT)","2",0.359154929577465,0.381475667189953,0.671875,NA,0.966666666666667,NA,0.503370786516854,0.591154261057174,0.942857142857143,0.67621776504298,NA,0.589147286821705,0.684210526315789,NA,0.736842105263158,NA,0.5,0.8,NA,NA,0.377406931964057,0.72,0.557400722021661,0.64143007360673
"alanine aminotransferase (ALT)","3",0.436619718309859,0.312401883830455,0.515625,NA,0.766666666666667,NA,0.604494382022472,0.531823085221144,0.723809523809524,0.564469914040115,NA,0.534883720930233,0.605263157894737,NA,0.754385964912281,NA,0.369565217391304,0.725,NA,NA,0.335044929396662,0.56,0.550180505415163,0.549947423764458
"alanine aminotransferase (ALT)","4",0.288732394366197,0.255886970172684,0.4375,NA,0.6,NA,0.444943820224719,0.462783171521036,0.580952380952381,0.504297994269341,NA,0.496124031007752,0.447368421052632,NA,0.719298245614035,NA,0.326086956521739,0.675,NA,NA,0.261874197689345,0.46,0.452707581227437,0.488958990536278
"alanine aminotransferase (ALT)","5",0.28169014084507,0.208791208791209,0.34375,NA,0.6,NA,0.442696629213483,0.433656957928803,0.419047619047619,0.441260744985673,NA,0.383720930232558,0.368421052631579,NA,0.578947368421053,NA,0.326086956521739,0.575,NA,NA,0.222079589216945,0.4,0.432490974729242,0.401682439537329
"alanine aminotransferase (ALT)","6",0.190140845070423,0.237048665620094,0.359375,NA,0.366666666666667,NA,0.406741573033708,0.439050701186624,0.39047619047619,0.401146131805158,NA,0.341085271317829,0.342105263157895,NA,0.631578947368421,NA,NA,0.6,NA,NA,0.228498074454429,0.34,0.424548736462094,0.359621451104101
"alanine aminotransferase (ALT)","7",0.183098591549296,0.19309262166405,0.28125,NA,0.433333333333333,NA,0.343820224719101,0.411003236245955,0.266666666666667,0.303724928366762,NA,0.267441860465116,0.263157894736842,NA,0.508771929824561,NA,NA,0.4,NA,NA,0.191270860077022,0.31,0.385559566787004,0.271293375394322
"alanine aminotransferase (ALT)","8",0.161971830985915,0.158555729984301,0.234375,NA,0.333333333333333,NA,0.307865168539326,0.343042071197411,0.238095238095238,0.234957020057307,NA,0.228682170542636,NA,NA,0.403508771929825,NA,NA,0.5,NA,NA,0.159178433889602,0.25,0.328519855595668,0.219768664563617
"alanine aminotransferase (ALT)","9",0.133802816901408,0.125588697017268,0.171875,NA,0.266666666666667,NA,0.321348314606742,0.330097087378641,0.19047619047619,0.174785100286533,NA,0.166666666666667,NA,NA,0.350877192982456,NA,NA,0.45,NA,NA,0.127086007702182,0.19,0.324187725631769,0.170347003154574
"alanine aminotransferase (ALT)","10",0.0985915492957746,0.106750392464678,0.15625,NA,0.2,NA,0.287640449438202,0.305285868392665,0.180952380952381,0.137535816618911,NA,0.143410852713178,NA,NA,0.333333333333333,NA,NA,0.4,NA,NA,0.105263157894737,0.16,0.296750902527076,0.146161934805468
"alanine aminotransferase (ALT)","11",0.0704225352112676,0.0737833594976452,0.171875,NA,0.333333333333333,NA,0.229213483146067,0.267529665587918,0.0952380952380952,0.100286532951289,NA,0.0930232558139535,NA,NA,0.315789473684211,NA,NA,0.3,NA,NA,0.0731707317073171,0.21,0.252707581227437,0.10410094637224
"alanine aminotransferase (ALT)","12",0.0563380281690141,0.0706436420722135,0.125,NA,0.133333333333333,NA,0.215730337078652,0.264293419633225,NA,0.0802292263610315,NA,0.0542635658914729,NA,NA,0.228070175438596,NA,NA,0.25,NA,NA,0.0680359435173299,0.12,0.246209386281588,0.0683491062039958
"alanine aminotransferase (ALT)","13",0.0211267605633803,0.0565149136577708,0.125,NA,0.133333333333333,NA,0.17752808988764,0.21898597626753,NA,0.0659025787965616,NA,0.0465116279069767,NA,NA,NA,NA,NA,NA,NA,NA,0.0500641848523748,0.12,0.203610108303249,0.0368033648790747
"alanine aminotransferase (ALT)","14",0.0492957746478873,0.0565149136577708,0.046875,NA,0.133333333333333,NA,0.170786516853933,0.223300970873786,NA,0.0343839541547278,NA,0.0426356589147287,NA,NA,NA,NA,NA,NA,NA,NA,0.055198973042362,0.07,0.204332129963899,0.0241850683491062
"alanine aminotransferase (ALT)","15",0.0211267605633803,0.0251177394034537,0.046875,NA,0.133333333333333,NA,0.173033707865169,0.200647249190939,NA,0.0286532951289398,NA,NA,NA,NA,NA,NA,NA,NA,NA,NA,0.024390243902439,0.07,0.189891696750903,0.010515247108307
"alanine aminotransferase (ALT)","16",0.0140845070422535,0.0266875981161695,0.046875,NA,0.1,NA,0.114606741573034,0.168284789644013,NA,NA,NA,NA,NA,NA,NA,NA,NA,NA,NA,NA,0.024390243902439,0.06,0.149458483754513,0
"alanine aminotransferase (ALT)","17",0.0140845070422535,0.0141287284144427,0.015625,NA,NA,NA,0.121348314606742,0.158576051779935,NA,NA,NA,NA,NA,NA,NA,NA,NA,NA,NA,NA,0.0141206675224647,0.01,0.145126353790614,0
"alanine aminotransferase (ALT)","18",0.0140845070422535,0.0172684458398744,0.015625,NA,NA,NA,0.0831460674157303,0.155339805825243,NA,NA,NA,NA,NA,NA,NA,NA,NA,NA,NA,NA,0.0166880616174583,0.01,0.130685920577617,0
"alanine aminotransferase (ALT)","19",0.0140845070422535,0.010989010989011,0.015625,NA,NA,NA,0.0966292134831461,0.137001078748652,NA,NA,NA,NA,NA,NA,NA,NA,NA,NA,NA,NA,0.0115532734274711,0.01,0.122743682310469,0
"alanine aminotransferase (ALT)","20",NA,NA,NA,NA,NA,NA,0.0651685393258427,0.107874865156419,NA,NA,NA,NA,NA,NA,NA,NA,NA,NA,NA,NA,0,0,0.0931407942238267,0
"alanine aminotransferase (ALT)","21",NA,0.00941915227629513,NA,NA,NA,NA,0.0674157303370786,0.0960086299892125,NA,NA,NA,NA,NA,NA,NA,NA,NA,NA,NA,NA,0.00770218228498074,0,0.0859205776173285,0
"alanine aminotransferase (ALT)","22",NA,0.00784929356357928,NA,NA,NA,NA,0.0561797752808989,0.0830636461704423,NA,NA,NA,NA,NA,NA,NA,NA,NA,NA,NA,NA,0.00641848523748395,0,0.0736462093862816,0
"alanine aminotransferase (ALT)","23",0.00704225352112676,0.00627943485086342,0.015625,NA,NA,NA,0.0359550561797753,0.0722761596548004,NA,NA,NA,NA,NA,NA,NA,NA,NA,NA,NA,NA,0.00641848523748395,0.01,0.059927797833935,0
"alanine aminotransferase (ALT)","24",NA,NA,NA,NA,NA,NA,0.0449438202247191,0.0550161812297735,NA,NA,NA,NA,NA,NA,NA,NA,NA,NA,NA,NA,0,0,0.0512635379061372,0
"alanine aminotransferase (ALT)","25",0.00704225352112676,NA,NA,NA,NA,NA,0.0426966292134831,0.04638619201726,NA,NA,NA,NA,NA,NA,NA,NA,NA,NA,NA,NA,0.00128369704749679,0,0.0447653429602888,0
"albumin","n_max",38,32,15,4,45,1,151,115,72,359,27,0,38,44,27,0,46,40,5,9,70,64,267,667
"albumin","0",0.157894736842105,0.40625,NA,NA,0.6,NA,0.0662251655629139,0.104347826086957,1,0.114206128133705,0.703703703703704,NA,NA,0.454545454545455,NA,NA,1,0.85,NA,NA,0.271428571428571,0.421875,0.0823970037453183,0.347826086956522
"albumin","1",1,1,NA,NA,1,NA,0.317880794701987,0.704347826086957,0.597222222222222,1,0.888888888888889,NA,1,1,0.592592592592593,NA,0.630434782608696,0.925,NA,NA,1,0.703125,0.48314606741573,0.88455772113943
"albumin","2",0.842105263157895,0.65625,NA,NA,0.644444444444444,NA,0.867549668874172,1,0.527777777777778,0.668523676880223,1,NA,0.684210526315789,NA,1,NA,0.478260869565217,0.75,NA,NA,0.757142857142857,0.453125,0.921348314606742,0.614692653673163
"albumin","3",0.710526315789474,0.28125,NA,NA,0.622222222222222,NA,1,0.773913043478261,0.347222222222222,0.568245125348189,0.851851851851852,NA,0.605263157894737,NA,1,NA,0.347826086956522,0.725,NA,NA,0.514285714285714,0.4375,0.898876404494382,0.52023988005997
"albumin","4",0.342105263157895,0.5625,NA,NA,0.644444444444444,NA,0.841059602649007,0.521739130434783,0.263888888888889,0.498607242339833,0.666666666666667,NA,0.447368421052632,NA,0.888888888888889,NA,0.326086956521739,0.675,NA,NA,0.442857142857143,0.453125,0.700374531835206,0.448275862068966
"albumin","5",0.315789473684211,0.4375,NA,NA,0.466666666666667,NA,0.728476821192053,0.460869565217391,0.319444444444444,0.440111420612813,0.518518518518518,NA,0.368421052631579,NA,0.740740740740741,NA,0.326086956521739,0.575,NA,NA,0.371428571428571,0.328125,0.610486891385768,0.400299850074962
"albumin","6",0.289473684210526,0.40625,NA,NA,0.444444444444444,NA,0.71523178807947,0.582608695652174,0.194444444444444,0.389972144846797,0.518518518518518,NA,0.342105263157895,NA,0.777777777777778,NA,NA,0.6,NA,NA,0.342857142857143,0.3125,0.655430711610487,0.338830584707646
"albumin","7",0.131578947368421,0.46875,NA,NA,0.377777777777778,NA,0.629139072847682,0.643478260869565,0.152777777777778,0.298050139275766,0.592592592592593,NA,0.263157894736842,NA,0.666666666666667,NA,NA,0.4,NA,NA,0.285714285714286,0.265625,0.632958801498127,0.266866566716642
"albumin","8",0.131578947368421,0.5,NA,NA,0.333333333333333,NA,0.562913907284768,0.547826086956522,NA,0.231197771587744,0.518518518518518,NA,NA,NA,0.481481481481481,NA,NA,0.5,NA,NA,0.3,0.234375,0.554307116104869,0.194902548725637
"albumin","9",0.210526315789474,0.28125,NA,NA,0.288888888888889,NA,0.556291390728477,0.48695652173913,NA,0.16991643454039,0.444444444444444,NA,NA,NA,NA,NA,NA,0.45,NA,NA,0.242857142857143,0.203125,0.524344569288389,0.136431784107946
"albumin","10",0.131578947368421,0.34375,NA,NA,0.311111111111111,NA,0.490066225165563,0.521739130434783,NA,0.133704735376045,NA,NA,NA,NA,0.407407407407407,NA,NA,0.4,NA,NA,0.228571428571429,0.21875,0.50187265917603,0.112443778110945
"albumin","11",0.0526315789473684,0.21875,NA,NA,0.244444444444444,NA,0.483443708609272,0.504347826086956,NA,0.0974930362116992,NA,NA,NA,NA,0.407407407407407,NA,NA,0.3,NA,NA,0.128571428571429,0.171875,0.49063670411985,0.0869565217391304
"albumin","12",0.0789473684210526,0.28125,NA,NA,0.133333333333333,NA,0.397350993377483,0.408695652173913,NA,0.0807799442896936,NA,NA,NA,NA,0.37037037037037,NA,NA,0.25,NA,NA,0.171428571428571,0.09375,0.400749063670412,0.0734632683658171
"albumin","13",0.0789473684210526,0.1875,NA,NA,0.0888888888888889,NA,0.344370860927152,0.31304347826087,NA,0.0668523676880223,NA,NA,NA,NA,NA,NA,NA,NA,NA,NA,0.128571428571429,0.0625,0.329588014981273,0.0359820089955022
"albumin","14",0.0526315789473684,NA,NA,NA,0.111111111111111,NA,0.324503311258278,0.373913043478261,NA,0.0389972144846797,NA,NA,NA,NA,NA,NA,NA,NA,NA,NA,0.0285714285714286,0.078125,0.344569288389513,0.0209895052473763
"albumin","15",NA,NA,NA,NA,0.0888888888888889,NA,0.317880794701987,0.304347826086957,NA,0.0278551532033426,NA,NA,NA,NA,NA,NA,NA,NA,NA,NA,0,0.0625,0.310861423220974,0.0149925037481259
"albumin","16",0.0526315789473684,NA,NA,NA,0.0666666666666667,NA,0.251655629139073,0.31304347826087,NA,NA,NA,NA,NA,NA,NA,NA,NA,NA,NA,NA,0.0285714285714286,0.046875,0.277153558052434,0
"albumin","17",0.0263157894736842,NA,NA,NA,NA,NA,0.19205298013245,0.269565217391304,NA,NA,NA,NA,NA,NA,NA,NA,NA,NA,NA,NA,0.0142857142857143,0,0.224719101123595,0
"albumin","18",0.0263157894736842,NA,NA,NA,NA,NA,0.178807947019868,0.226086956521739,NA,NA,NA,NA,NA,NA,NA,NA,NA,NA,NA,NA,0.0142857142857143,0,0.198501872659176,0
"albumin","19",NA,NA,NA,NA,NA,NA,0.19205298013245,0.252173913043478,NA,NA,NA,NA,NA,NA,NA,NA,NA,NA,NA,NA,0,0,0.217228464419476,0
"aspartate aminotransferase (AST)","n_max",140,628,63,8,32,13,180,922,108,337,0,262,38,44,57,0,46,40,5,9,768,103,1115,946
"aspartate aminotransferase (AST)","0",0.121428571428571,0.192675159235669,0.73015873015873,NA,0.5625,NA,0.127777777777778,0.72885032537961,0.851851851851852,0.115727002967359,NA,NA,NA,0.454545454545455,NA,NA,1,0.95,NA,NA,0.1796875,0.621359223300971,0.623318385650224,0.248414376321353
"aspartate aminotransferase (AST)","1",1,1,1,NA,0.9375,NA,1,1,1,1,NA,1,1,1,1,NA,0.630434782608696,0.95,NA,NA,1,0.902912621359223,0.988340807174888,0.965116279069767
"aspartate aminotransferase (AST)","2",0.364285714285714,0.386942675159236,0.698412698412698,NA,1,NA,0.488888888888889,0.594360086767896,0.944444444444444,0.694362017804154,NA,0.587786259541985,0.684210526315789,NA,0.736842105263158,NA,0.5,0.8,NA,NA,0.3828125,0.737864077669903,0.570403587443946,0.647991543340381
"aspartate aminotransferase (AST)","3",0.442857142857143,0.315286624203822,0.523809523809524,NA,0.71875,NA,0.622222222222222,0.532537960954447,0.740740740740741,0.56973293768546,NA,0.534351145038168,0.605263157894737,NA,0.754385964912281,NA,0.369565217391304,0.725,NA,NA,0.338541666666667,0.543689320388349,0.540807174887892,0.553911205073996
"aspartate aminotransferase (AST)","4",0.292857142857143,0.25796178343949,0.428571428571429,NA,0.5625,NA,0.461111111111111,0.46529284164859,0.546296296296296,0.513353115727003,NA,0.49236641221374,0.447368421052632,NA,0.719298245614035,NA,0.326086956521739,0.675,NA,NA,0.264322916666667,0.436893203883495,0.459192825112108,0.487315010570825
"aspartate aminotransferase (AST)","5",0.285714285714286,0.207006369426752,0.396825396825397,NA,0.5625,NA,0.527777777777778,0.434924078091106,0.472222222222222,0.448071216617211,NA,0.377862595419847,0.368421052631579,NA,0.578947368421053,NA,0.326086956521739,0.575,NA,NA,0.221354166666667,0.41747572815534,0.444843049327354,0.408033826638478
"aspartate aminotransferase (AST)","6",0.192857142857143,0.240445859872611,0.412698412698413,NA,0.34375,NA,0.483333333333333,0.440347071583514,0.388888888888889,0.415430267062315,NA,0.33587786259542,0.342105263157895,NA,0.631578947368421,NA,NA,0.6,NA,NA,0.231770833333333,0.359223300970874,0.442152466367713,0.362579281183932
"aspartate aminotransferase (AST)","7",0.185714285714286,0.194267515923567,0.285714285714286,NA,0.40625,NA,0.438888888888889,0.411062906724512,0.231481481481481,0.311572700296736,NA,0.267175572519084,0.263157894736842,NA,0.508771929824561,NA,NA,0.4,NA,NA,0.192708333333333,0.300970873786408,0.410762331838565,0.269556025369979
"aspartate aminotransferase (AST)","8",0.164285714285714,0.160828025477707,0.222222222222222,NA,0.34375,NA,0.45,0.342733188720174,0.212962962962963,0.240356083086053,NA,0.229007633587786,NA,NA,0.403508771929825,NA,NA,0.5,NA,NA,0.161458333333333,0.242718446601942,0.356053811659193,0.218816067653277
"aspartate aminotransferase (AST)","9",0.135714285714286,0.127388535031847,0.174603174603175,NA,0.25,NA,0.444444444444444,0.330802603036876,0.166666666666667,0.178041543026706,NA,0.16412213740458,NA,NA,0.350877192982456,NA,NA,0.45,NA,NA,0.12890625,0.184466019417476,0.345291479820628,0.168076109936575
"aspartate aminotransferase (AST)","10",0.1,0.10828025477707,0.111111111111111,NA,0.25,NA,0.416666666666667,0.306941431670282,0.185185185185185,0.136498516320475,NA,0.141221374045802,NA,NA,0.333333333333333,NA,NA,0.4,NA,NA,0.106770833333333,0.145631067961165,0.321076233183857,0.145877378435518
"aspartate aminotransferase (AST)","11",0.0714285714285714,0.0748407643312102,0.174603174603175,NA,0.375,NA,0.361111111111111,0.270065075921909,0.111111111111111,0.0949554896142433,NA,0.0916030534351145,NA,NA,0.315789473684211,NA,NA,0.3,NA,NA,0.07421875,0.223300970873786,0.281614349775785,0.103594080338266
"aspartate aminotransferase (AST)","12",0.0571428571428571,0.071656050955414,0.0634920634920635,NA,0.21875,NA,0.333333333333333,0.264642082429501,NA,0.0801186943620178,NA,0.0534351145038168,NA,NA,0.228070175438596,NA,NA,0.25,NA,NA,0.0690104166666667,0.106796116504854,0.272645739910314,0.0676532769556025
"aspartate aminotransferase (AST)","13",0.0214285714285714,0.0589171974522293,0.126984126984127,NA,0.15625,NA,0.3,0.219088937093275,NA,0.0682492581602374,NA,0.049618320610687,NA,NA,NA,NA,NA,NA,NA,NA,0.0520833333333333,0.12621359223301,0.229596412556054,0.0380549682875264
"aspartate aminotransferase (AST)","14",0.05,0.0573248407643312,0.0476190476190476,NA,0.125,NA,0.261111111111111,0.223427331887202,NA,0.0356083086053412,NA,0.0419847328244275,NA,NA,NA,NA,NA,NA,NA,NA,0.0559895833333333,0.0679611650485437,0.226905829596413,0.0243128964059197
"aspartate aminotransferase (AST)","15",0.0214285714285714,0.0254777070063694,0.0317460317460317,NA,0.15625,NA,0.327777777777778,0.20173535791757,NA,0.029673590504451,NA,NA,NA,NA,NA,NA,NA,NA,NA,NA,0.0247395833333333,0.0679611650485437,0.219730941704036,0.0105708245243129
"aspartate aminotransferase (AST)","16",0.0142857142857143,0.0270700636942675,0.0476190476190476,NA,0.125,NA,0.222222222222222,0.168112798264642,NA,NA,NA,NA,NA,NA,NA,NA,NA,NA,NA,NA,0.0247395833333333,0.0679611650485437,0.174887892376682,0
"aspartate aminotransferase (AST)","17",0.0142857142857143,0.0143312101910828,NA,NA,NA,NA,0.238888888888889,0.15943600867679,NA,NA,NA,NA,NA,NA,NA,NA,NA,NA,NA,NA,0.0143229166666667,0,0.170403587443946,0
"aspartate aminotransferase (AST)","18",0.0142857142857143,0.017515923566879,0.0317460317460317,NA,NA,NA,0.155555555555556,0.15943600867679,NA,NA,NA,NA,NA,NA,NA,NA,NA,NA,NA,NA,0.0169270833333333,0.0194174757281553,0.15695067264574,0
"aspartate aminotransferase (AST)","19",0.0142857142857143,0.0111464968152866,0.0317460317460317,NA,NA,NA,0.183333333333333,0.135574837310195,NA,NA,NA,NA,NA,NA,NA,NA,NA,NA,NA,NA,0.01171875,0.0194174757281553,0.141704035874439,0
"aspartate aminotransferase (AST)","20",NA,NA,NA,NA,NA,NA,0.105555555555556,0.107375271149675,NA,NA,NA,NA,NA,NA,NA,NA,NA,NA,NA,NA,0,0,0.105829596412556,0
"aspartate aminotransferase (AST)","21",NA,0.00955414012738853,NA,NA,NA,NA,0.122222222222222,0.0954446854663774,NA,NA,NA,NA,NA,NA,NA,NA,NA,NA,NA,NA,0.0078125,0,0.0986547085201794,0
"aspartate aminotransferase (AST)","22",NA,0.00796178343949045,NA,NA,NA,NA,0.0888888888888889,0.0835140997830803,NA,NA,NA,NA,NA,NA,NA,NA,NA,NA,NA,NA,0.00651041666666667,0,0.0834080717488789,0
"aspartate aminotransferase (AST)","23",0.00714285714285714,0.00636942675159236,NA,NA,NA,NA,0.0555555555555556,0.0726681127982646,NA,NA,NA,NA,NA,NA,NA,NA,NA,NA,NA,NA,0.00651041666666667,0,0.0690582959641256,0
"aspartate aminotransferase (AST)","24",NA,NA,NA,NA,NA,NA,0.0722222222222222,0.0553145336225597,NA,NA,NA,NA,NA,NA,NA,NA,NA,NA,NA,NA,0,0,0.0573991031390135,0
"aspartate aminotransferase (AST)","25",0.00714285714285714,NA,NA,NA,NA,NA,0.0777777777777778,0.0466377440347072,NA,NA,NA,NA,NA,NA,NA,NA,NA,NA,NA,NA,0.00130208333333333,0,0.0511210762331839,0
"total bilirubin","n_max",138,667,51,6,35,1,194,512,101,359,23,262,38,44,55,0,46,39,5,9,805,92,707,981
"total bilirubin","0",0.130434782608696,0.188905547226387,0.627450980392157,NA,0.571428571428571,NA,0.123711340206186,0.845703125,0.881188118811881,0.114206128133705,0.695652173913043,NA,NA,0.454545454545455,NA,NA,1,0.974358974358974,NA,NA,0.17888198757764,0.565217391304348,0.646393210749646,0.254841997961264
"total bilirubin","1",1,1,1,NA,0.771428571428571,NA,0.525773195876289,1,1,1,0.826086956521739,1,1,1,1,NA,0.630434782608696,0.974358974358974,NA,NA,1,0.847826086956522,0.868458274398868,0.963302752293578
"total bilirubin","2",0.355072463768116,0.370314842578711,0.352941176470588,NA,1,NA,0.881443298969072,0.826171875,0.920792079207921,0.662952646239554,1,0.591603053435115,0.684210526315789,NA,0.763636363636364,NA,0.478260869565217,0.82051282051282,NA,NA,0.367701863354037,0.576086956521739,0.84016973125884,0.64322120285423
"total bilirubin","3",0.442028985507246,0.296851574212894,0.333333333333333,NA,0.6,NA,1,0.68359375,0.762376237623762,0.562674094707521,0.652173913043478,0.534351145038168,0.605263157894737,NA,0.781818181818182,NA,0.347826086956522,0.743589743589744,NA,NA,0.321739130434783,0.41304347826087,0.769448373408769,0.555555555555556
"total bilirubin","4",0.297101449275362,0.244377811094453,0.274509803921569,NA,0.485714285714286,NA,0.871134020618557,0.556640625,0.574257425742574,0.495821727019499,0.652173913043478,0.49236641221374,0.447368421052632,NA,0.745454545454545,NA,0.304347826086957,0.692307692307692,NA,NA,0.253416149068323,0.33695652173913,0.642149929278642,0.488277268093782
"total bilirubin","5",0.282608695652174,0.200899550224888,0.137254901960784,NA,0.428571428571429,NA,0.845360824742268,0.52734375,0.455445544554455,0.434540389972145,NA,0.377862595419847,0.368421052631579,NA,0.6,NA,0.304347826086957,0.58974358974359,NA,NA,0.214906832298137,0.239130434782609,0.613861386138614,0.392456676860347
"total bilirubin","6",0.195652173913043,0.224887556221889,0.333333333333333,NA,0.285714285714286,NA,0.824742268041237,0.51171875,0.396039603960396,0.389972144846797,0.434782608695652,0.33587786259542,0.342105263157895,NA,0.636363636363636,NA,NA,0.615384615384615,NA,NA,0.219875776397516,0.293478260869565,0.596888260254597,0.35677879714577
"total bilirubin","7",0.188405797101449,0.175412293853073,0.156862745098039,NA,0.314285714285714,NA,0.731958762886598,0.505859375,0.247524752475248,0.298050139275766,0.695652173913043,0.267175572519084,0.263157894736842,NA,0.527272727272727,NA,NA,0.41025641025641,NA,NA,0.177639751552795,0.206521739130435,0.567185289957567,0.2782874617737
"total bilirubin","8",0.166666666666667,0.151424287856072,0.215686274509804,NA,0.285714285714286,NA,0.634020618556701,0.4296875,0.198019801980198,0.231197771587744,0.565217391304348,0.229007633587786,NA,NA,0.418181818181818,NA,NA,0.512820512820513,NA,NA,0.154037267080745,0.228260869565217,0.485148514851485,0.223241590214067
"total bilirubin","9",0.130434782608696,0.119940029985007,0.0980392156862745,NA,0.257142857142857,NA,0.664948453608247,0.435546875,0.198019801980198,0.16991643454039,0.434782608695652,0.16412213740458,NA,NA,0.363636363636364,NA,NA,0.461538461538462,NA,NA,0.121739130434783,0.152173913043478,0.497878359264498,0.17533129459735
"total bilirubin","10",0.101449275362319,0.101949025487256,0.0588235294117647,NA,0.2,NA,0.61340206185567,0.396484375,0.158415841584158,0.133704735376045,NA,0.141221374045802,NA,NA,0.345454545454545,NA,NA,0.41025641025641,NA,NA,0.101863354037267,0.108695652173913,0.455445544554455,0.138634046890928
"total bilirubin","11",0.072463768115942,0.0689655172413793,0.156862745098039,NA,0.342857142857143,NA,0.510309278350515,0.345703125,0.128712871287129,0.0974930362116992,NA,0.0916030534351145,NA,NA,0.327272727272727,NA,NA,0.307692307692308,NA,NA,0.0695652173913043,0.217391304347826,0.39038189533239,0.103975535168196
"total bilirubin","12",0.0579710144927536,0.0689655172413793,0.0392156862745098,NA,0.2,NA,0.443298969072165,0.361328125,NA,0.0807799442896936,NA,0.0534351145038168,NA,NA,0.236363636363636,NA,NA,0.256410256410256,NA,NA,0.0670807453416149,0.0978260869565217,0.383309759547383,0.0672782874617737
"total bilirubin","13",0.0217391304347826,0.0644677661169415,0.0784313725490196,NA,0.171428571428571,NA,0.376288659793814,0.306640625,NA,0.064066852367688,NA,0.049618320610687,NA,NA,NA,NA,NA,NA,NA,NA,0.0571428571428572,0.108695652173913,0.325318246110325,0.036697247706422
"total bilirubin","14",0.0507246376811594,0.055472263868066,NA,NA,0.114285714285714,NA,0.365979381443299,0.298828125,NA,0.0362116991643454,NA,0.0419847328244275,NA,NA,NA,NA,NA,NA,NA,NA,0.0546583850931677,0.0434782608695652,0.316831683168317,0.0244648318042813
"total bilirubin","15",0.0217391304347826,0.0239880059970015,0.0196078431372549,NA,0.142857142857143,NA,0.304123711340206,0.26953125,NA,0.0278551532033426,NA,NA,NA,NA,NA,NA,NA,NA,NA,NA,0.0236024844720497,0.0652173913043478,0.278642149929279,0.0101936799184506
"total bilirubin","16",0.0144927536231884,0.0254872563718141,NA,NA,0.114285714285714,NA,0.237113402061856,0.228515625,NA,NA,NA,NA,NA,NA,NA,NA,NA,NA,NA,NA,0.0236024844720497,0.0434782608695652,0.230551626591231,0
"total bilirubin","17",0.0144927536231884,0.0134932533733133,NA,NA,NA,NA,0.221649484536082,0.22265625,NA,NA,NA,NA,NA,NA,NA,NA,NA,NA,NA,NA,0.0136645962732919,0,0.222065063649222,0
"total bilirubin","18",0.0144927536231884,0.0164917541229385,NA,NA,NA,NA,0.164948453608247,0.220703125,NA,NA,NA,NA,NA,NA,NA,NA,NA,NA,NA,NA,0.0161490683229814,0,0.205091937765205,0
"total bilirubin","19",0.0144927536231884,0.0104947526236882,NA,NA,NA,NA,0.185567010309278,0.189453125,NA,NA,NA,NA,NA,NA,NA,NA,NA,NA,NA,NA,0.0111801242236025,0,0.188118811881188,0
"total bilirubin","20",NA,NA,NA,NA,NA,NA,0.128865979381443,0.15625,NA,NA,NA,NA,NA,NA,NA,NA,NA,NA,NA,NA,0,0,0.148514851485149,0
"total bilirubin","21",NA,0.00899550224887556,NA,NA,NA,NA,0.128865979381443,0.138671875,NA,NA,NA,NA,NA,NA,NA,NA,NA,NA,NA,NA,0.00745341614906832,0,0.135785007072136,0
"total bilirubin","22",NA,0.00749625187406297,NA,NA,NA,NA,0.0979381443298969,0.12109375,NA,NA,NA,NA,NA,NA,NA,NA,NA,NA,NA,NA,0.0062111801242236,0,0.114568599717115,0
"total bilirubin","23",0.0072463768115942,0.00599700149925037,NA,NA,NA,NA,0.0721649484536082,0.1015625,NA,NA,NA,NA,NA,NA,NA,NA,NA,NA,NA,NA,0.0062111801242236,0,0.0933521923620934,0
"total bilirubin","24",NA,NA,NA,NA,NA,NA,0.0824742268041237,0.080078125,NA,NA,NA,NA,NA,NA,NA,NA,NA,NA,NA,NA,0,0,0.0806223479490806,0
"C-reactive protein (CRP)","n_max",179,524,82,8,77,17,494,950,49,43,20,182,20,0,38,0,12,16,3,4,703,167,1461,387
"C-reactive protein (CRP)","0",0.11731843575419,0.225190839694656,0.682926829268293,NA,0.506493506493506,NA,0.172064777327935,0.72421052631579,0.755102040816326,NA,0.55,NA,NA,NA,NA,NA,NA,NA,NA,NA,0.197724039829303,0.568862275449102,0.529089664613279,0.124031007751938
"C-reactive protein (CRP)","1",1,1,1,NA,1,NA,1,1,1,1,0.8,1,1,NA,0.842105263157895,NA,NA,NA,NA,NA,1,0.952095808383233,0.988364134154689,0.883720930232558
"C-reactive protein (CRP)","2",0.35195530726257,0.280534351145038,0.829268292682927,NA,0.636363636363636,NA,0.477732793522267,0.609473684210526,0.673469387755102,0.906976744186046,1,0.692307692307692,NA,NA,1,NA,NA,NA,NA,NA,0.298719772403983,0.70059880239521,0.557837097878166,0.661498708010336
"C-reactive protein (CRP)","3",0.407821229050279,0.223282442748092,0.682926829268293,NA,0.571428571428571,NA,0.550607287449393,0.565263157894737,0.530612244897959,0.720930232558139,0.75,0.686813186813187,NA,NA,0.842105263157895,NA,NA,NA,NA,NA,0.27027027027027,0.598802395209581,0.553730321697467,0.591731266149871
"C-reactive protein (CRP)","4",0.290502793296089,0.255725190839695,0.560975609756098,NA,0.480519480519481,NA,0.449392712550607,0.503157894736842,0.326530612244898,0.558139534883721,0.55,0.576923076923077,0.65,NA,0.684210526315789,NA,NA,NA,NA,NA,0.264580369843528,0.497005988023952,0.479123887748118,0.503875968992248
"C-reactive protein (CRP)","5",0.251396648044693,0.17175572519084,0.475609756097561,NA,0.428571428571429,NA,0.42914979757085,0.457894736842105,0.346938775510204,0.697674418604651,NA,0.423076923076923,NA,NA,0.684210526315789,NA,NA,NA,NA,NA,0.19203413940256,0.431137724550898,0.442847364818617,0.387596899224806
"C-reactive protein (CRP)","6",0.173184357541899,0.166030534351145,0.48780487804878,NA,0.350649350649351,NA,0.388663967611336,0.467368421052632,0.244897959183673,0.534883720930233,NA,0.357142857142857,NA,NA,0.657894736842105,NA,NA,NA,NA,NA,0.167852062588905,0.401197604790419,0.435318275154004,0.322997416020672
"C-reactive protein (CRP)","7",0.189944134078212,0.135496183206107,0.378048780487805,NA,0.363636363636364,NA,0.342105263157895,0.425263157894737,0.204081632653061,0.488372093023256,NA,0.263736263736264,NA,NA,0.578947368421053,NA,NA,NA,NA,NA,0.149359886201991,0.353293413173653,0.392197125256673,0.260981912144703
"C-reactive protein (CRP)","8",0.134078212290503,0.124045801526718,0.317073170731707,NA,0.272727272727273,NA,0.311740890688259,0.362105263157895,NA,NA,0.55,0.241758241758242,NA,NA,0.447368421052632,NA,NA,NA,NA,NA,0.126600284495021,0.281437125748503,0.340862422997947,0.186046511627907
"C-reactive protein (CRP)","9",0.11731843575419,0.0629770992366412,0.231707317073171,NA,0.233766233766234,NA,0.317813765182186,0.349473684210526,NA,0.302325581395349,NA,0.153846153846154,NA,NA,0.421052631578947,NA,NA,NA,NA,NA,0.0768136557610242,0.221556886227545,0.334702258726899,0.147286821705426
"C-reactive protein (CRP)","10",0.0837988826815642,0.0706106870229008,0.195121951219512,NA,0.25974025974026,NA,0.287449392712551,0.315789473684211,NA,NA,NA,0.104395604395604,NA,NA,0.289473684210526,NA,NA,NA,NA,NA,0.0739687055476529,0.215568862275449,0.302532511978097,0.0775193798449612
"C-reactive protein (CRP)","11",0.0837988826815642,0.0458015267175573,0.207317073170732,NA,0.155844155844156,NA,0.248987854251012,0.270526315789474,NA,NA,NA,0.0769230769230769,NA,NA,0.342105263157895,NA,NA,NA,NA,NA,0.0554765291607397,0.173652694610778,0.26009582477755,0.0697674418604651
"C-reactive protein (CRP)","12",0.0446927374301676,0.0534351145038168,0.170731707317073,NA,0.12987012987013,NA,0.212550607287449,0.266315789473684,NA,NA,NA,NA,NA,NA,0.289473684210526,NA,NA,NA,NA,NA,0.0512091038406828,0.143712574850299,0.245037645448323,0.0284237726098191
"C-reactive protein (CRP)","13",0.0391061452513966,0.0343511450381679,0.146341463414634,NA,0.103896103896104,NA,0.176113360323887,0.233684210526316,NA,NA,NA,NA,NA,NA,NA,NA,NA,NA,NA,NA,0.0355618776671408,0.119760479041916,0.211498973305955,0
"C-reactive protein (CRP)","14",0.0502793296089385,0.0305343511450382,0.0975609756097561,NA,0.0649350649350649,NA,0.168016194331984,0.226315789473684,NA,NA,NA,NA,NA,NA,NA,NA,NA,NA,NA,NA,0.0355618776671408,0.0778443113772455,0.203969883641342,0
"C-reactive protein (CRP)","15",0.0111731843575419,0.0152671755725191,0.0609756097560976,NA,0.0649350649350649,NA,0.165991902834008,0.197894736842105,NA,NA,NA,NA,NA,NA,NA,NA,NA,NA,NA,NA,0.0142247510668563,0.0598802395209581,0.184804928131417,0
"C-reactive protein (CRP)","16",0.0111731843575419,0.0190839694656489,0.0853658536585366,NA,0.051948051948052,NA,0.11336032388664,0.173684210526316,NA,NA,NA,NA,NA,NA,NA,NA,NA,NA,NA,NA,0.0170697012802276,0.0658682634730539,0.151266255989049,0
"C-reactive protein (CRP)","17",0.00558659217877095,0.0152671755725191,0.0487804878048781,NA,NA,NA,0.103238866396761,0.150526315789474,NA,NA,NA,NA,NA,NA,NA,NA,NA,NA,NA,NA,0.0128022759601707,0.0239520958083832,0.132785763175907,0
"C-reactive protein (CRP)","18",0.0167597765363128,0.00763358778625954,0.0365853658536585,NA,NA,NA,0.0748987854251012,0.144210526315789,NA,NA,NA,NA,NA,NA,NA,NA,NA,NA,NA,NA,0.00995732574679943,0.0179640718562874,0.119096509240246,0
"C-reactive protein (CRP)","19",0.00558659217877095,0.00763358778625954,0.0121951219512195,NA,NA,NA,0.0870445344129555,0.129473684210526,NA,NA,NA,NA,NA,NA,NA,NA,NA,NA,NA,NA,0.00711237553342817,0.00598802395209581,0.113620807665982,0
"C-reactive protein (CRP)","20",NA,NA,0.0121951219512195,NA,0.038961038961039,NA,0.0668016194331984,0.1,NA,NA,NA,NA,NA,NA,NA,NA,NA,NA,NA,NA,0,0.0239520958083832,0.0876112251882272,0
"C-reactive protein (CRP)","21",NA,NA,NA,NA,NA,NA,0.062753036437247,0.0873684210526316,NA,NA,NA,NA,NA,NA,NA,NA,NA,NA,NA,NA,0,0,0.0780287474332649,0
"C-reactive protein (CRP)","22",NA,NA,NA,NA,NA,NA,0.0526315789473684,0.0768421052631579,NA,NA,NA,NA,NA,NA,NA,NA,NA,NA,NA,NA,0,0,0.0677618069815195,0
"C-reactive protein (CRP)","23",NA,NA,0.0121951219512195,NA,NA,NA,0.0323886639676113,0.068421052631579,NA,NA,NA,NA,NA,NA,NA,NA,NA,NA,NA,NA,0,0.00598802395209581,0.0554414784394251,0
"C-reactive protein (CRP)","24",NA,NA,NA,NA,NA,NA,0.0384615384615385,0.0536842105263158,NA,NA,NA,NA,NA,NA,NA,NA,NA,NA,NA,NA,0,0,0.0479123887748118,0
"C-reactive protein (CRP)","25",0.00558659217877095,NA,NA,NA,NA,NA,0.0384615384615385,0.0452631578947368,NA,NA,NA,NA,NA,NA,NA,NA,NA,NA,NA,NA,0.00142247510668563,0,0.0424366872005476,0
"creatinine","n_max",188,1142,82,9,81,12,493,971,129,409,42,309,40,51,82,15,51,57,10,17,1330,172,1476,1212
"creatinine","0",0.122340425531915,0.239054290718039,0.682926829268293,NA,0.506172839506173,NA,0.18052738336714,0.746652935118435,0.914728682170543,0.127139364303178,0.904761904761905,NA,NA,0.509803921568627,NA,NA,1,1,NA,NA,0.222556390977444,0.563953488372093,0.551490514905149,0.282178217821782
"creatinine","1",1,1,1,NA,1,NA,1,1,1,1,0.857142857142857,1,1,1,1,NA,0.862745098039216,0.87719298245614,NA,NA,1,0.947674418604651,0.991869918699187,0.948844884488449
"creatinine","2",0.414893617021277,0.367775831873905,0.890243902439024,NA,0.617283950617284,NA,0.509127789046653,0.618949536560247,0.937984496124031,0.753056234718826,1,0.631067961165049,0.8,0.117647058823529,0.804878048780488,NA,0.745098039215686,0.789473684210526,NA,NA,0.374436090225564,0.715116279069767,0.577235772357724,0.703795379537954
"creatinine","3",0.50531914893617,0.302977232924694,0.695121951219512,NA,0.567901234567901,NA,0.574036511156187,0.581874356333677,0.75968992248062,0.635696821515892,0.880952380952381,0.601941747572815,0.7,NA,0.682926829268293,NA,0.627450980392157,0.736842105263158,NA,NA,0.331578947368421,0.598837209302326,0.574525745257453,0.60973597359736
"creatinine","4",0.414893617021277,0.302977232924694,0.621951219512195,NA,0.45679012345679,NA,0.454361054766734,0.513903192584964,0.713178294573643,0.56479217603912,0.738095238095238,0.508090614886731,0.525,NA,0.634146341463415,NA,0.549019607843137,0.719298245614035,NA,NA,0.318796992481203,0.511627906976744,0.489837398373984,0.538778877887789
"creatinine","5",0.372340425531915,0.229422066549912,0.5,NA,0.382716049382716,NA,0.40973630831643,0.476828012358393,0.496124031007752,0.462102689486553,0.619047619047619,0.407766990291262,0.425,NA,0.524390243902439,NA,0.450980392156863,0.614035087719298,NA,NA,0.249624060150376,0.418604651162791,0.450542005420054,0.431518151815181
"creatinine","6",0.292553191489362,0.227670753064799,0.524390243902439,NA,0.358024691358025,NA,0.369168356997972,0.48918640576725,0.449612403100775,0.396088019559902,0.523809523809524,0.349514563106796,0.425,NA,0.475609756097561,NA,0.274509803921569,0.614035087719298,NA,NA,0.236842105263158,0.418604651162791,0.445121951219512,0.375412541254125
"creatinine","7",0.25531914893617,0.190017513134851,0.451219512195122,NA,0.37037037037037,NA,0.334685598377282,0.437693099897013,0.286821705426357,0.315403422982885,0.571428571428571,0.281553398058252,0.325,NA,0.390243902439024,NA,0.235294117647059,0.508771929824561,NA,NA,0.199248120300752,0.38953488372093,0.399728997289973,0.299504950495049
"creatinine","8",0.23936170212766,0.165499124343257,0.402439024390244,NA,0.296296296296296,NA,0.281947261663286,0.37384140061792,0.24031007751938,0.242053789731051,0.476190476190476,0.252427184466019,0.25,NA,0.353658536585366,NA,0.196078431372549,0.473684210526316,NA,NA,0.17593984962406,0.331395348837209,0.340108401084011,0.250825082508251
"creatinine","9",0.218085106382979,0.117338003502627,0.341463414634146,NA,0.234567901234568,NA,0.308316430020284,0.35221421215242,0.209302325581395,0.171149144254279,0.357142857142857,0.203883495145631,NA,NA,0.25609756097561,NA,NA,0.491228070175439,NA,NA,0.131578947368421,0.273255813953488,0.334688346883469,0.184818481848185
"creatinine","10",0.164893617021277,0.102451838879159,0.280487804878049,NA,0.246913580246914,NA,0.265720081135903,0.326467559217302,0.201550387596899,0.139364303178484,NA,0.16504854368932,NA,NA,0.25609756097561,NA,NA,0.403508771929825,NA,NA,0.111278195488722,0.25,0.303523035230352,0.146864686468647
"creatinine","11",0.132978723404255,0.0823117338003503,0.317073170731707,NA,0.160493827160494,NA,0.237322515212982,0.282183316168898,0.124031007751938,0.0953545232273839,0.238095238095238,0.113268608414239,NA,NA,0.231707317073171,NA,NA,0.280701754385965,NA,NA,0.0894736842105263,0.226744186046512,0.264905149051491,0.111386138613861
"creatinine","12",0.111702127659574,0.0753064798598949,0.25609756097561,NA,0.123456790123457,NA,0.208924949290061,0.282183316168898,0.0775193798449612,0.078239608801956,NA,0.0679611650485437,NA,NA,0.182926829268293,NA,NA,0.228070175438596,NA,NA,0.0804511278195489,0.180232558139535,0.255420054200542,0.0750825082508251
"creatinine","13",0.0851063829787234,0.0569176882661996,0.207317073170732,NA,0.0987654320987654,NA,0.164300202839757,0.232749742533471,NA,0.0611246943765281,NA,0.058252427184466,NA,NA,NA,NA,NA,NA,NA,NA,0.0609022556390977,0.145348837209302,0.207994579945799,0.0354785478547855
"creatinine","14",0.0957446808510638,0.0490367775831874,0.134146341463415,NA,0.0617283950617284,NA,0.162271805273834,0.235839340885685,NA,0.039119804400978,NA,0.0420711974110032,NA,NA,NA,NA,NA,NA,NA,NA,0.0556390977443609,0.0930232558139535,0.209349593495935,0.0239273927392739
"creatinine","15",0.0531914893617021,0.0332749562171629,0.0975609756097561,NA,0.0617283950617284,NA,0.154158215010142,0.211122554067971,NA,0.0244498777506112,NA,0.0323624595469256,NA,NA,NA,NA,NA,NA,NA,NA,0.0360902255639098,0.0755813953488372,0.190379403794038,0.0165016501650165
"creatinine","16",0.0585106382978723,0.0280210157618214,0.0853658536585366,NA,0.0493827160493827,NA,0.109533468559838,0.182286302780639,NA,NA,NA,NA,NA,NA,NA,NA,NA,NA,NA,NA,0.0323308270676692,0.063953488372093,0.15650406504065,0
"creatinine","17",0.0319148936170213,0.0192644483362522,0.0731707317073171,NA,NA,NA,0.111561866125761,0.160659114315139,NA,NA,NA,NA,NA,NA,NA,NA,NA,NA,NA,NA,0.0210526315789474,0.0348837209302326,0.142953929539295,0
"creatinine","18",0.0425531914893617,0.0166374781085814,0.0853658536585366,NA,NA,NA,0.0730223123732252,0.159629248197734,NA,NA,NA,NA,NA,NA,NA,NA,NA,NA,NA,NA,0.0203007518796992,0.0406976744186047,0.12940379403794,0
"creatinine","19",0.0212765957446809,0.0175131348511384,0.0487804878048781,NA,NA,NA,0.0912778904665314,0.133882595262616,NA,NA,NA,NA,NA,NA,NA,NA,NA,NA,NA,NA,0.0180451127819549,0.0232558139534884,0.118563685636856,0
"creatinine","20",0.0106382978723404,0.00963222416812609,0.024390243902439,NA,0.037037037037037,NA,0.0628803245436105,0.105046343975283,NA,NA,NA,NA,NA,NA,NA,NA,NA,NA,NA,NA,0.00977443609022556,0.0290697674418605,0.0901084010840108,0
"creatinine","21",0.0106382978723404,0.010507880910683,NA,NA,NA,NA,0.0588235294117647,0.102986611740474,NA,NA,NA,NA,NA,NA,NA,NA,NA,NA,NA,NA,0.0105263157894737,0,0.0873983739837398,0
"creatinine","22",0.0106382978723404,0.00700525394045534,NA,NA,NA,NA,0.050709939148073,0.0854788877445932,NA,NA,NA,NA,NA,NA,NA,NA,NA,NA,NA,NA,0.0075187969924812,0,0.0731707317073171,0
"creatinine","23",NA,0.00525394045534151,0.0121951219512195,NA,NA,NA,0.0324543610547667,0.0741503604531411,NA,NA,NA,NA,NA,NA,NA,NA,NA,NA,NA,NA,0.00451127819548872,0.00581395348837209,0.0596205962059621,0
"creatinine","24",NA,0.00700525394045534,NA,NA,NA,NA,0.0405679513184584,0.0617919670442842,NA,NA,NA,NA,NA,NA,NA,NA,NA,NA,NA,NA,0.00601503759398496,0,0.0542005420054201,0
"creatinine","25",0.00531914893617021,0.00350262697022767,NA,NA,NA,NA,0.0365111561866126,0.0473738414006179,NA,NA,NA,NA,NA,NA,NA,NA,NA,NA,NA,NA,0.0037593984962406,0,0.043360433604336,0
"creatinine","27",NA,NA,NA,NA,NA,NA,0.0223123732251521,0.0401647785787848,NA,NA,NA,NA,NA,NA,NA,NA,NA,NA,NA,NA,0,0,0.0338753387533875,0
"lactate dehydrogenase (LDH)","n_max",56,361,62,7,54,10,182,761,97,228,0,144,11,0,43,0,0,17,0,0,417,123,953,540
"lactate dehydrogenase (LDH)","0",0.107142857142857,0.149584487534626,0.725806451612903,NA,0.537037037037037,NA,0.131868131868132,0.821287779237845,0.54639175257732,0.0789473684210526,NA,NA,NA,NA,NA,NA,NA,NA,NA,NA,0.143884892086331,0.601626016260163,0.681007345225603,0.131481481481481
"lactate dehydrogenase (LDH)","1",1,1,1,NA,1,NA,0.730769230769231,1,1,1,NA,1,NA,NA,1,NA,NA,NA,NA,NA,1,0.943089430894309,0.938090241343127,0.948148148148148
"lactate dehydrogenase (LDH)","2",0.482142857142857,0.354570637119114,0.870967741935484,NA,0.703703703703704,NA,0.89010989010989,0.403416557161629,0.876288659793814,0.635964912280702,NA,0.791666666666667,NA,NA,0.767441860465116,NA,NA,NA,NA,NA,0.371702637889688,0.747967479674797,0.492130115424974,0.698148148148148
"lactate dehydrogenase (LDH)","3",0.714285714285714,0.329639889196676,0.548387096774194,NA,0.62962962962963,NA,1,0.457293035479632,0.690721649484536,0.557017543859649,NA,0.659722222222222,NA,NA,0.790697674418605,NA,NA,NA,NA,NA,0.381294964028777,0.552845528455285,0.55613850996852,0.598148148148148
"lactate dehydrogenase (LDH)","4",0.267857142857143,0.271468144044321,0.580645161290323,NA,0.555555555555556,NA,0.917582417582418,0.398160315374507,0.443298969072165,0.513157894736842,NA,0.541666666666667,NA,NA,0.674418604651163,NA,NA,NA,NA,NA,0.270983213429257,0.536585365853659,0.493179433368311,0.494444444444444
"lactate dehydrogenase (LDH)","5",0.196428571428571,0.232686980609418,0.419354838709677,NA,0.462962962962963,NA,0.846153846153846,0.390275952693824,0.360824742268041,0.478070175438596,NA,0.423611111111111,NA,NA,0.604651162790698,NA,NA,NA,NA,NA,0.227817745803357,0.414634146341463,0.473242392444911,0.427777777777778
"lactate dehydrogenase (LDH)","6",0.142857142857143,0.213296398891967,0.483870967741935,NA,0.407407407407407,NA,0.802197802197802,0.411300919842313,0.402061855670103,0.37719298245614,NA,0.333333333333333,NA,NA,0.627906976744186,NA,NA,NA,NA,NA,0.203836930455636,0.422764227642276,0.481636935991605,0.37037037037037
"lactate dehydrogenase (LDH)","7",0.178571428571429,0.199445983379501,0.306451612903226,NA,0.425925925925926,NA,0.664835164835165,0.385019710906702,0.216494845360825,0.289473684210526,NA,0.201388888888889,NA,NA,0.558139534883721,NA,NA,NA,NA,NA,0.196642685851319,0.341463414634146,0.434417628541448,0.259259259259259
"lactate dehydrogenase (LDH)","8",0.0892857142857143,0.182825484764543,0.290322580645161,NA,0.314814814814815,NA,0.615384615384615,0.331143232588699,0.134020618556701,0.206140350877193,NA,0.201388888888889,NA,NA,0.395348837209302,NA,NA,NA,NA,NA,0.170263788968825,0.284552845528455,0.381951731374607,0.196296296296296
"lactate dehydrogenase (LDH)","9",0.0357142857142857,0.116343490304709,0.225806451612903,NA,0.240740740740741,NA,0.631868131868132,0.337713534822602,0.144329896907216,0.149122807017544,NA,0.152777777777778,NA,NA,0.395348837209302,NA,NA,NA,NA,NA,0.105515587529976,0.219512195121951,0.390346274921301,0.161111111111111
"lactate dehydrogenase (LDH)","10",0.0535714285714286,0.0969529085872576,0.145161290322581,NA,0.277777777777778,NA,0.587912087912088,0.325886990801577,0.11340206185567,0.114035087719298,NA,0.0902777777777778,NA,NA,0.372093023255814,NA,NA,NA,NA,NA,0.0911270983213429,0.195121951219512,0.372507869884575,0.122222222222222
"lactate dehydrogenase (LDH)","11",0.0535714285714286,0.0831024930747922,0.209677419354839,NA,0.203703703703704,NA,0.505494505494505,0.275952693823916,NA,0.0701754385964912,NA,NA,NA,NA,0.325581395348837,NA,NA,NA,NA,NA,0.079136690647482,0.195121951219512,0.316894018887723,0.0555555555555556
"lactate dehydrogenase (LDH)","12",0.0178571428571429,0.0692520775623269,0.0806451612903226,NA,0.166666666666667,NA,0.456043956043956,0.289093298291721,NA,0.0657894736842105,NA,NA,NA,NA,0.255813953488372,NA,NA,NA,NA,NA,0.0623501199040767,0.113821138211382,0.31794333683106,0.0481481481481481
"lactate dehydrogenase (LDH)","13",NA,0.0443213296398892,0.129032258064516,NA,0.12962962962963,NA,0.384615384615385,0.247043363994744,NA,0.0526315789473684,NA,NA,NA,NA,NA,NA,NA,NA,NA,NA,0.0383693045563549,0.121951219512195,0.270724029380902,0.0222222222222222
"lactate dehydrogenase (LDH)","14",0.0357142857142857,0.0498614958448753,0.0483870967741935,NA,0.0925925925925926,NA,0.379120879120879,0.228646517739816,NA,NA,NA,NA,NA,NA,NA,NA,NA,NA,NA,NA,0.0479616306954436,0.0650406504065041,0.25498426023085,0
"lactate dehydrogenase (LDH)","15",NA,0.0304709141274238,0.032258064516129,NA,0.0740740740740741,NA,0.32967032967033,0.223390275952694,NA,NA,NA,NA,NA,NA,NA,NA,NA,NA,NA,NA,0.026378896882494,0.0487804878048781,0.241343126967471,0
"lactate dehydrogenase (LDH)","16",0.0357142857142857,0.0193905817174515,0.0645161290322581,NA,0.0555555555555556,NA,0.252747252747253,0.183968462549277,NA,NA,NA,NA,NA,NA,NA,NA,NA,NA,NA,NA,0.0215827338129496,0.0569105691056911,0.195173137460651,0
"lactate dehydrogenase (LDH)","17",NA,0.0249307479224377,0.032258064516129,NA,NA,NA,0.225274725274725,0.16688567674113,NA,NA,NA,NA,NA,NA,NA,NA,NA,NA,NA,NA,0.0215827338129496,0.016260162601626,0.176285414480588,0
"lactate dehydrogenase (LDH)","18",0.0178571428571429,0.0193905817174515,0.0161290322580645,NA,NA,NA,0.17032967032967,0.16557161629435,NA,NA,NA,NA,NA,NA,NA,NA,NA,NA,NA,NA,0.0191846522781775,0.00813008130081301,0.164742917103882,0
"lactate dehydrogenase (LDH)","19",NA,NA,0.0483870967741935,NA,NA,NA,0.192307692307692,0.147174770039422,NA,NA,NA,NA,NA,NA,NA,NA,NA,NA,NA,NA,0,0.024390243902439,0.154249737670514,0
"lactate dehydrogenase (LDH)","20",NA,NA,0.0161290322580645,NA,NA,NA,0.142857142857143,0.113009198423127,NA,NA,NA,NA,NA,NA,NA,NA,NA,NA,NA,NA,0,0.00813008130081301,0.117523609653725,0
"lactate dehydrogenase (LDH)","21",NA,NA,NA,NA,NA,NA,0.126373626373626,0.101182654402103,NA,NA,NA,NA,NA,NA,NA,NA,NA,NA,NA,NA,0,0,0.104931794333683,0
"lactate dehydrogenase (LDH)","22",NA,0.0110803324099723,NA,NA,NA,NA,0.10989010989011,0.0893561103810775,NA,NA,NA,NA,NA,NA,NA,NA,NA,NA,NA,NA,0.00959232613908873,0,0.0923399790136411,0
"lactate dehydrogenase (LDH)","23",NA,NA,NA,NA,NA,NA,0.0824175824175824,0.0827858081471748,NA,NA,NA,NA,NA,NA,NA,NA,NA,NA,NA,NA,0,0,0.0818467995802728,0
"lactate dehydrogenase (LDH)","24",NA,0.0110803324099723,NA,NA,NA,NA,0.0934065934065934,0.0578186596583443,NA,NA,NA,NA,NA,NA,NA,NA,NA,NA,NA,NA,0.00959232613908873,0,0.0640083945435467,0
"cardiac troponin","n_max",81,0,43,4,0,1,0,83,67,0,0,0,25,0,50,0,31,0,0,0,81,47,84,173
"cardiac troponin","0",0.123456790123457,NA,0.627906976744186,NA,NA,NA,NA,0.590361445783133,1,NA,NA,NA,NA,NA,NA,NA,1,NA,NA,NA,0.123456790123457,0.574468085106383,0.583333333333333,0.566473988439306
"cardiac troponin","1",1,NA,1,NA,NA,NA,NA,1,0.895522388059702,NA,NA,NA,1,NA,1,NA,0.612903225806452,NA,NA,NA,1,0.914893617021277,0.988095238095238,0.890173410404624
"cardiac troponin","2",0.493827160493827,NA,0.465116279069767,NA,NA,NA,NA,0.686746987951807,0.298507462686567,NA,NA,NA,0.44,NA,0.42,NA,NA,NA,NA,NA,0.493827160493827,0.425531914893617,0.678571428571429,0.300578034682081
"cardiac troponin","3",0.259259259259259,NA,0.348837209302326,NA,NA,NA,NA,0.843373493975904,0.358208955223881,NA,NA,NA,NA,NA,0.34,NA,NA,NA,NA,NA,0.259259259259259,0.319148936170213,0.833333333333333,0.236994219653179
"cardiac troponin","4",0.197530864197531,NA,0.302325581395349,NA,NA,NA,NA,0.734939759036145,0.253731343283582,NA,NA,NA,NA,NA,0.26,NA,NA,NA,NA,NA,0.197530864197531,0.276595744680851,0.726190476190476,0.173410404624277
"cardiac troponin","5",0.197530864197531,NA,0.232558139534884,NA,NA,NA,NA,0.614457831325301,NA,NA,NA,NA,NA,NA,0.28,NA,NA,NA,NA,NA,0.197530864197531,0.212765957446809,0.607142857142857,0.0809248554913295
"cardiac troponin","6",0.160493827160494,NA,0.325581395348837,NA,NA,NA,NA,0.626506024096386,0.149253731343284,NA,NA,NA,NA,NA,NA,NA,NA,NA,NA,NA,0.160493827160494,0.297872340425532,0.619047619047619,0.0578034682080925
"cardiac troponin","7",0.160493827160494,NA,0.0930232558139535,NA,NA,NA,NA,0.686746987951807,NA,NA,NA,NA,NA,NA,NA,NA,NA,NA,NA,NA,0.160493827160494,0.0851063829787234,0.678571428571429,0
"cardiac troponin","8",0.148148148148148,NA,0.162790697674419,NA,NA,NA,NA,0.614457831325301,0.164179104477612,NA,NA,NA,NA,NA,0.22,NA,NA,NA,NA,NA,0.148148148148148,0.148936170212766,0.607142857142857,0.127167630057803
"prothrombin time (PT)","n_max",133,507,84,15,85,8,331,0,86,157,0,0,0,0,27,0,0,19,4,7,640,184,339,300
"prothrombin time (PT)","0",0.0676691729323308,0.167652859960552,0.678571428571429,NA,0.482352941176471,NA,0.141993957703928,NA,0.686046511627907,0.133757961783439,NA,NA,NA,NA,NA,NA,NA,NA,NA,NA,0.146875,0.532608695652174,0.138643067846608,0.266666666666667
"prothrombin time (PT)","1",1,1,1,NA,1,NA,1,NA,1,1,NA,NA,NA,NA,1,NA,NA,NA,NA,NA,1,0.918478260869565,0.976401179941003,0.9
"prothrombin time (PT)","2",0.278195488721804,0.240631163708087,0.892857142857143,NA,0.717647058823529,NA,0.51963746223565,NA,0.674418604651163,0.719745222929936,NA,NA,NA,NA,NA,NA,NA,NA,NA,NA,0.2484375,0.739130434782609,0.507374631268437,0.57
"prothrombin time (PT)","3",0.263157894736842,0.232741617357002,0.702380952380952,NA,0.635294117647059,NA,0.586102719033233,NA,0.627906976744186,0.522292993630573,NA,NA,NA,NA,NA,NA,NA,NA,NA,NA,0.2390625,0.614130434782609,0.572271386430678,0.453333333333333
"prothrombin time (PT)","4",0.165413533834586,0.203155818540434,0.619047619047619,NA,0.576470588235294,NA,0.507552870090634,NA,0.441860465116279,0.477707006369427,NA,NA,NA,NA,NA,NA,NA,NA,NA,NA,0.1953125,0.548913043478261,0.495575221238938,0.376666666666667
"prothrombin time (PT)","5",0.180451127819549,0.140039447731755,0.511904761904762,NA,0.552941176470588,NA,0.462235649546828,NA,0.36046511627907,0.43312101910828,NA,NA,NA,NA,NA,NA,NA,NA,NA,NA,0.1484375,0.489130434782609,0.451327433628319,0.33
"prothrombin time (PT)","6",0.157894736842105,0.165680473372781,0.547619047619048,NA,0.470588235294118,NA,0.45619335347432,NA,0.302325581395349,0.407643312101911,NA,NA,NA,NA,NA,NA,NA,NA,NA,NA,0.1640625,0.467391304347826,0.445427728613569,0.3
"prothrombin time (PT)","7",0.120300751879699,0.140039447731755,0.44047619047619,NA,0.529411764705882,NA,0.377643504531722,NA,0.313953488372093,0.35031847133758,NA,NA,NA,NA,NA,NA,NA,NA,NA,NA,0.1359375,0.445652173913043,0.368731563421829,0.273333333333333
"prothrombin time (PT)","8",0.0902255639097744,0.122287968441815,0.404761904761905,NA,0.482352941176471,NA,0.338368580060423,NA,0.244186046511628,0.254777070063694,NA,NA,NA,NA,NA,NA,NA,NA,NA,NA,0.115625,0.407608695652174,0.330383480825959,0.203333333333333
"prothrombin time (PT)","9",0.075187969924812,0.108481262327416,0.357142857142857,NA,0.376470588235294,NA,0.356495468277946,NA,0.197674418604651,0.178343949044586,NA,NA,NA,NA,NA,NA,NA,NA,NA,NA,0.1015625,0.33695652173913,0.348082595870206,0.15
"prothrombin time (PT)","10",0.0676691729323308,0.0808678500986193,0.273809523809524,NA,0.364705882352941,NA,0.362537764350453,NA,0.174418604651163,0.140127388535032,NA,NA,NA,NA,NA,NA,NA,NA,NA,NA,0.078125,0.293478260869565,0.353982300884956,0.123333333333333
"prothrombin time (PT)","11",0.037593984962406,0.0512820512820513,0.30952380952381,NA,0.247058823529412,NA,0.290030211480363,NA,NA,0.089171974522293,NA,NA,NA,NA,NA,NA,NA,NA,NA,NA,0.0484375,0.255434782608696,0.283185840707965,0.0466666666666667
"prothrombin time (PT)","12",0.075187969924812,0.0473372781065089,0.261904761904762,NA,0.211764705882353,NA,0.250755287009063,NA,NA,0.0955414012738854,NA,NA,NA,NA,NA,NA,NA,NA,NA,NA,0.053125,0.217391304347826,0.244837758112094,0.05
"prothrombin time (PT)","13",0.037593984962406,0.0670611439842209,0.202380952380952,NA,0.294117647058824,NA,0.211480362537764,NA,NA,0.0764331210191083,NA,NA,NA,NA,NA,NA,NA,NA,NA,NA,0.0609375,0.228260869565217,0.206489675516224,0.04
"prothrombin time (PT)","14",0.0300751879699248,0.0236686390532544,0.130952380952381,NA,0.223529411764706,NA,0.190332326283988,NA,NA,NA,NA,NA,NA,NA,NA,NA,NA,NA,NA,NA,0.025,0.16304347826087,0.185840707964602,0
"prothrombin time (PT)","15",0.0526315789473684,0.0216962524654832,0.0952380952380952,NA,0.188235294117647,NA,0.178247734138973,NA,NA,NA,NA,NA,NA,NA,NA,NA,NA,NA,NA,NA,0.028125,0.130434782608696,0.174041297935103,0
"prothrombin time (PT)","16",0.0075187969924812,0.0177514792899408,0.0952380952380952,NA,0.141176470588235,NA,0.141993957703928,NA,NA,NA,NA,NA,NA,NA,NA,NA,NA,NA,NA,NA,0.015625,0.108695652173913,0.138643067846608,0
"white blood cell count (Leukocytes)","n_max",184,125,83,9,0,19,504,992,131,416,42,0,38,51,0,0,0,0,14,16,309,92,1515,708
"white blood cell count (Leukocytes)","0",0.130434782608696,0.416,0.686746987951807,NA,NA,NA,0.186507936507937,0.72883064516129,0.908396946564885,0.129807692307692,0.880952380952381,NA,NA,0.470588235294118,NA,NA,NA,NA,NA,NA,0.245954692556634,0.619565217391304,0.539273927392739,0.330508474576271
"white blood cell count (Leukocytes)","1",1,1,1,NA,NA,NA,1,1,1,1,0.880952380952381,NA,1,1,NA,NA,NA,NA,NA,NA,1,0.902173913043478,0.987458745874587,0.950564971751412
"white blood cell count (Leukocytes)","2",0.407608695652174,0.664,0.879518072289157,NA,NA,NA,0.511904761904762,0.636088709677419,0.916030534351145,0.733173076923077,1,NA,0.815789473684211,0.117647058823529,NA,NA,NA,NA,NA,NA,0.511326860841424,0.793478260869565,0.586798679867987,0.711864406779661
"white blood cell count (Leukocytes)","3",0.505434782608696,0.448,0.710843373493976,NA,NA,NA,0.587301587301587,0.595766129032258,0.755725190839695,0.620192307692308,0.857142857142857,NA,0.710526315789474,NA,NA,NA,NA,NA,NA,NA,0.482200647249191,0.641304347826087,0.585478547854785,0.593220338983051
"white blood cell count (Leukocytes)","4",0.407608695652174,0.416,0.614457831325301,NA,NA,NA,0.474206349206349,0.524193548387097,0.687022900763359,0.555288461538462,0.714285714285714,NA,0.552631578947368,NA,NA,NA,NA,NA,NA,NA,0.411003236245955,0.554347826086957,0.500990099009901,0.525423728813559
"white blood cell count (Leukocytes)","5",0.33695652173913,0.296,0.530120481927711,NA,NA,NA,0.44047619047619,0.487903225806452,0.480916030534351,0.444711538461538,0.619047619047619,NA,0.447368421052632,NA,NA,NA,NA,NA,NA,NA,0.320388349514563,0.478260869565217,0.466006600660066,0.411016949152542
"white blood cell count (Leukocytes)","6",0.28804347826087,0.368,0.542168674698795,NA,NA,NA,0.380952380952381,0.493951612903226,0.435114503816794,0.377403846153846,0.476190476190476,NA,0.447368421052632,NA,NA,NA,NA,NA,NA,NA,0.320388349514563,0.489130434782609,0.45016501650165,0.354519774011299
"white blood cell count (Leukocytes)","7",0.260869565217391,0.264,0.457831325301205,NA,NA,NA,0.349206349206349,0.451612903225806,0.297709923664122,0.298076923076923,0.571428571428571,NA,0.342105263157895,NA,NA,NA,NA,NA,NA,NA,0.262135922330097,0.41304347826087,0.411881188118812,0.282485875706215
"white blood cell count (Leukocytes)","8",0.228260869565217,0.264,0.397590361445783,NA,NA,NA,0.30952380952381,0.378024193548387,0.251908396946565,0.230769230769231,0.476190476190476,NA,0.263157894736842,NA,NA,NA,NA,NA,NA,NA,0.242718446601942,0.358695652173913,0.35049504950495,0.224576271186441
"white blood cell count (Leukocytes)","9",0.206521739130435,0.24,0.349397590361446,NA,NA,NA,0.313492063492063,0.361895161290323,0.229007633587786,0.163461538461538,0.333333333333333,NA,NA,NA,NA,NA,NA,NA,NA,NA,0.220064724919094,0.315217391304348,0.341254125412541,0.15819209039548
"white blood cell count (Leukocytes)","10",0.168478260869565,0.168,0.27710843373494,NA,NA,NA,0.28968253968254,0.329637096774194,0.175572519083969,0.137019230769231,NA,NA,NA,NA,NA,NA,NA,NA,NA,NA,0.168284789644013,0.25,0.312211221122112,0.112994350282486
"white blood cell count (Leukocytes)","11",0.135869565217391,0.152,0.313253012048193,NA,NA,NA,0.246031746031746,0.289314516129032,0.099236641221374,0.09375,NA,NA,NA,NA,NA,NA,NA,NA,NA,NA,0.142394822006472,0.282608695652174,0.271287128712871,0.0734463276836158
"white blood cell count (Leukocytes)","12",0.114130434782609,0.136,0.253012048192771,NA,NA,NA,0.212301587301587,0.286290322580645,NA,0.0745192307692308,NA,NA,NA,NA,NA,NA,NA,NA,NA,NA,0.122977346278317,0.228260869565217,0.258085808580858,0.0437853107344633
"white blood cell count (Leukocytes)","13",0.0869565217391304,0.096,0.204819277108434,NA,NA,NA,0.178571428571429,0.237903225806452,NA,0.0600961538461538,NA,NA,NA,NA,NA,NA,NA,NA,NA,NA,0.0906148867313916,0.184782608695652,0.215181518151815,0.0353107344632768
"white blood cell count (Leukocytes)","14",0.0923913043478261,0.032,0.132530120481928,NA,NA,NA,0.162698412698413,0.23991935483871,NA,0.0384615384615385,NA,NA,NA,NA,NA,NA,NA,NA,NA,NA,0.0679611650485437,0.119565217391304,0.211221122112211,0.0225988700564972
"white blood cell count (Leukocytes)","15",0.0489130434782609,NA,0.0963855421686747,NA,NA,NA,0.162698412698413,0.216733870967742,NA,0.0240384615384615,NA,NA,NA,NA,NA,NA,NA,NA,NA,NA,0.029126213592233,0.0869565217391304,0.196039603960396,0.0141242937853107
"white blood cell count (Leukocytes)","16",0.0434782608695652,NA,0.0963855421686747,NA,NA,NA,0.115079365079365,0.186491935483871,NA,NA,NA,NA,NA,NA,NA,NA,NA,NA,NA,NA,0.0258899676375405,0.0869565217391304,0.16039603960396,0
"white blood cell count (Leukocytes)","17",0.0326086956521739,NA,0.072289156626506,NA,NA,NA,0.113095238095238,0.169354838709677,NA,NA,NA,NA,NA,NA,NA,NA,NA,NA,NA,NA,0.0194174757281553,0.0652173913043478,0.148514851485149,0
"white blood cell count (Leukocytes)","18",0.0434782608695652,NA,0.0843373493975904,NA,NA,NA,0.0734126984126984,0.165322580645161,NA,NA,NA,NA,NA,NA,NA,NA,NA,NA,NA,NA,0.0258899676375405,0.0760869565217391,0.132673267326733,0
"white blood cell count (Leukocytes)","19",0.0217391304347826,NA,0.0481927710843374,NA,NA,NA,0.0912698412698413,0.137096774193548,NA,NA,NA,NA,NA,NA,NA,NA,NA,NA,NA,NA,0.0129449838187702,0.0434782608695652,0.12013201320132,0
"white blood cell count (Leukocytes)","20",0.0108695652173913,NA,0.0240963855421687,NA,NA,NA,0.0634920634920635,0.115927419354839,NA,NA,NA,NA,NA,NA,NA,NA,NA,NA,NA,NA,0.00647249190938511,0.0217391304347826,0.097029702970297,0
"white blood cell count (Leukocytes)","21",0.0108695652173913,NA,NA,NA,NA,NA,0.0615079365079365,0.101814516129032,NA,NA,NA,NA,NA,NA,NA,NA,NA,NA,NA,NA,0.00647249190938511,0,0.0871287128712871,0
"white blood cell count (Leukocytes)","22",0.0108695652173913,NA,NA,NA,NA,NA,0.0515873015873016,0.0897177419354839,NA,NA,NA,NA,NA,NA,NA,NA,NA,NA,NA,NA,0.00647249190938511,0,0.0759075907590759,0
"white blood cell count (Leukocytes)","23",NA,NA,0.0120481927710843,NA,NA,NA,0.0317460317460317,0.0776209677419355,NA,NA,NA,NA,NA,NA,NA,NA,NA,NA,NA,NA,0,0.0108695652173913,0.0613861386138614,0
"white blood cell count (Leukocytes)","24",NA,NA,NA,NA,NA,NA,0.0416666666666667,0.0655241935483871,NA,NA,NA,NA,NA,NA,NA,NA,NA,NA,NA,NA,0,0,0.0567656765676568,0
"white blood cell count (Leukocytes)","25",0.00543478260869565,NA,NA,NA,NA,NA,0.0376984126984127,0.0493951612903226,NA,NA,NA,NA,NA,NA,NA,NA,NA,NA,NA,NA,0.00323624595469256,0,0.0448844884488449,0
"white blood cell count (Leukocytes)","26",NA,NA,NA,NA,NA,NA,0.0178571428571429,0.0504032258064516,NA,NA,NA,NA,NA,NA,NA,NA,NA,NA,NA,NA,0,0,0.0389438943894389,0
"white blood cell count (Leukocytes)","27",NA,NA,NA,NA,NA,NA,0.0218253968253968,0.0453629032258065,NA,NA,NA,NA,NA,NA,NA,NA,NA,NA,NA,NA,0,0,0.036963696369637,0
"lymphocyte count","n_max",170,87,41,4,44,18,470,619,108,400,0,309,37,50,63,0,46,48,7,0,257,89,1107,1068
"lymphocyte count","0",0.0941176470588235,0.402298850574713,0.317073170731707,NA,0.454545454545455,NA,0.178723404255319,0.313408723747981,1,0.13,NA,NA,NA,0.48,NA,NA,1,0.979166666666667,NA,NA,0.198443579766537,0.370786516853933,0.251129177958446,0.25936329588015
"lymphocyte count","1",1,1,0.780487804878049,NA,1,NA,1,1,0.75,1,NA,1,1,1,1,NA,0.565217391304348,0.854166666666667,NA,NA,1,0.853932584269663,0.983739837398374,0.942883895131086
"lymphocyte count","2",0.235294117647059,0.264367816091954,1,NA,0.636363636363636,NA,0.527659574468085,0.731825525040388,0.777777777777778,0.6775,NA,0.485436893203884,0.72972972972973,NA,0.920634920634921,NA,0.391304347826087,0.729166666666667,NA,NA,0.245136186770428,0.775280898876405,0.633242999096658,0.602059925093633
"lymphocyte count","3",0.252941176470588,0.229885057471264,0.634146341463415,NA,0.431818181818182,NA,0.604255319148936,0.697899838449112,0.638888888888889,0.56,NA,0.466019417475728,0.621621621621622,NA,0.793650793650794,NA,0.239130434782609,0.791666666666667,NA,NA,0.245136186770428,0.50561797752809,0.646793134598013,0.523408239700375
"lymphocyte count","4",0.217647058823529,0.195402298850575,0.609756097560976,NA,0.5,NA,0.48936170212766,0.562197092084006,0.462962962962963,0.51,NA,0.420711974110032,0.513513513513513,NA,0.650793650793651,NA,0.347826086956522,0.770833333333333,NA,NA,0.21011673151751,0.528089887640449,0.522131887985547,0.465355805243446
"lymphocyte count","5",0.164705882352941,0.0919540229885057,0.585365853658537,NA,0.295454545454545,NA,0.451063829787234,0.54281098546042,0.324074074074074,0.4375,NA,0.339805825242718,0.432432432432432,NA,0.603174603174603,NA,NA,0.6875,NA,NA,0.140077821011673,0.415730337078652,0.495031616982836,0.376404494382022
"lymphocyte count","6",0.105882352941176,0.149425287356322,0.560975609756098,NA,0.295454545454545,NA,0.382978723404255,0.552504038772213,0.305555555555556,0.37,NA,0.268608414239482,0.432432432432432,NA,0.53968253968254,NA,NA,0.604166666666667,NA,NA,0.120622568093385,0.404494382022472,0.471544715447154,0.321161048689139
"lymphocyte count","7",0.141176470588235,0.0689655172413793,0.341463414634146,NA,0.409090909090909,NA,0.368085106382979,0.507269789983845,0.203703703703704,0.295,NA,0.220064724919094,0.297297297297297,NA,0.476190476190476,NA,NA,0.520833333333333,NA,NA,0.116731517509728,0.359550561797753,0.439927732610659,0.256554307116105
"lymphocyte count","8",0.1,0.114942528735632,0.292682926829268,NA,0.295454545454545,NA,0.312765957446809,0.421647819063005,0.175925925925926,0.22,NA,0.200647249190939,NA,NA,0.396825396825397,NA,NA,0.479166666666667,NA,NA,0.105058365758755,0.280898876404494,0.368563685636856,0.203183520599251
"lymphocyte count","9",0.0941176470588235,0.0804597701149425,0.170731707317073,NA,0.204545454545455,NA,0.327659574468085,0.420032310177706,0.157407407407407,0.16,NA,0.158576051779935,NA,NA,0.349206349206349,NA,NA,0.5,NA,NA,0.0894941634241245,0.179775280898876,0.373983739837398,0.164794007490637
"lymphocyte count","10",0.0588235294117647,0.0574712643678161,0.146341463414634,NA,0.295454545454545,NA,0.31063829787234,0.373182552504039,0.12962962962963,0.1375,NA,0.135922330097087,NA,NA,0.333333333333333,NA,NA,0.416666666666667,NA,NA,0.0583657587548638,0.213483146067416,0.340560072267389,0.142322097378277
"lymphocyte count","11",0.0294117647058824,NA,0.292682926829268,NA,0.159090909090909,NA,0.259574468085106,0.340872374798061,0.101851851851852,0.095,NA,0.087378640776699,NA,NA,0.317460317460317,NA,NA,0.291666666666667,NA,NA,0.0194552529182879,0.213483146067416,0.300813008130081,0.102996254681648
"lymphocyte count","12",0.0411764705882353,NA,0.146341463414634,NA,0.113636363636364,NA,0.217021276595745,0.329563812600969,NA,0.075,NA,0.0517799352750809,NA,NA,0.222222222222222,NA,NA,0.25,NA,NA,0.0272373540856031,0.123595505617978,0.276422764227642,0.0674157303370786
"lymphocyte count","13",0.0470588235294118,NA,0.219512195121951,NA,0.0681818181818182,NA,0.182978723404255,0.276252019386107,NA,0.0575,NA,0.0453074433656958,NA,NA,0.158730158730159,NA,NA,NA,NA,NA,0.0311284046692607,0.134831460674157,0.232158988256549,0.0440074906367041
"lymphocyte count","14",0.0411764705882353,NA,0.121951219512195,NA,0.113636363636364,NA,0.170212765957447,0.277867528271405,NA,0.04,NA,0.0388349514563107,NA,NA,NA,NA,NA,NA,NA,NA,0.0272373540856031,0.112359550561798,0.227642276422764,0.0262172284644195
"lymphocyte count","15",0.0117647058823529,NA,0.0487804878048781,NA,0.0909090909090909,NA,0.174468085106383,0.248788368336026,NA,0.025,NA,NA,NA,NA,NA,NA,NA,NA,NA,NA,0.00778210116731518,0.0674157303370786,0.213188798554652,0.00936329588014981
"lymphocyte count","16",0.0176470588235294,NA,0.0487804878048781,NA,NA,NA,0.123404255319149,0.208400646203554,NA,NA,NA,NA,NA,NA,NA,NA,NA,NA,NA,NA,0.0116731517509728,0.0224719101123595,0.168925022583559,0
"lymphocyte count","17",0.00588235294117647,NA,0.024390243902439,NA,NA,NA,0.121276595744681,0.193861066235864,NA,NA,NA,NA,NA,NA,NA,NA,NA,NA,NA,NA,0.00389105058365759,0.0112359550561798,0.159891598915989,0
"lymphocyte count","18",0.0294117647058824,NA,0.024390243902439,NA,NA,NA,0.0787234042553192,0.187399030694669,NA,NA,NA,NA,NA,NA,NA,NA,NA,NA,NA,NA,0.0194552529182879,0.0112359550561798,0.138211382113821,0
"lymphocyte count","19",NA,NA,NA,NA,NA,NA,0.0978723404255319,0.172859450726979,NA,NA,NA,NA,NA,NA,NA,NA,NA,NA,NA,NA,0,0,0.138211382113821,0
"lymphocyte count","20",NA,NA,0.0487804878048781,NA,NA,NA,0.0680851063829787,0.140549273021002,NA,NA,NA,NA,NA,NA,NA,NA,NA,NA,NA,NA,0,0.0224719101123595,0.107497741644083,0
"lymphocyte count","21",NA,NA,NA,NA,NA,NA,0.0659574468085106,0.117932148626817,NA,NA,NA,NA,NA,NA,NA,NA,NA,NA,NA,NA,0,0,0.0939476061427281,0
"lymphocyte count","22",NA,NA,NA,NA,NA,NA,0.0553191489361702,0.103392568659128,NA,NA,NA,NA,NA,NA,NA,NA,NA,NA,NA,NA,0,0,0.0813008130081301,0
"lymphocyte count","23",NA,NA,0.024390243902439,NA,NA,NA,0.0319148936170213,0.0856219709208401,NA,NA,NA,NA,NA,NA,NA,NA,NA,NA,NA,NA,0,0.0112359550561798,0.0614272809394761,0
"lymphocyte count","24",NA,NA,NA,NA,NA,NA,0.0446808510638298,0.0694668820678514,NA,NA,NA,NA,NA,NA,NA,NA,NA,NA,NA,NA,0,0,0.0578139114724481,0
"neutrophil count","n_max",170,121,44,1,44,18,470,836,107,0,32,309,37,50,64,0,46,39,7,0,291,89,1324,691
"neutrophil count","0",0.0941176470588235,0.413223140495868,0.409090909090909,NA,0.454545454545455,NA,0.178723404255319,0.727272727272727,1,NA,0.875,NA,NA,0.48,NA,NA,1,1,NA,NA,0.22680412371134,0.426966292134831,0.522658610271903,0.353111432706223
"neutrophil count","1",1,1,0.863636363636364,NA,1,NA,1,1,0.757009345794392,NA,1,1,1,1,1,NA,0.565217391304348,0.923076923076923,NA,NA,1,0.921348314606742,0.986404833836858,0.918958031837916
"neutrophil count","2",0.235294117647059,0.644628099173554,1,NA,0.636363636363636,NA,0.527659574468085,0.594497607655502,0.757009345794392,NA,0.96875,0.485436893203884,0.72972972972973,NA,0.9375,NA,0.391304347826087,0.769230769230769,NA,NA,0.405498281786942,0.808988764044944,0.562688821752266,0.574529667149059
"neutrophil count","3",0.252941176470588,0.462809917355372,0.636363636363636,NA,0.431818181818182,NA,0.604255319148936,0.551435406698565,0.663551401869159,NA,0.875,0.466019417475728,0.621621621621622,NA,0.8125,NA,0.239130434782609,0.871794871794872,NA,NA,0.34020618556701,0.528089887640449,0.562688821752266,0.525325615050651
"neutrophil count","4",0.217647058823529,0.40495867768595,0.613636363636364,NA,0.5,NA,0.48936170212766,0.464114832535885,0.457943925233645,NA,0.6875,0.420711974110032,0.513513513513513,NA,0.6875,NA,0.347826086956522,0.82051282051282,NA,NA,0.29553264604811,0.550561797752809,0.466767371601208,0.451519536903039
"neutrophil count","5",0.164705882352941,0.28099173553719,0.568181818181818,NA,0.295454545454545,NA,0.451063829787234,0.434210526315789,0.345794392523364,NA,0.625,0.339805825242718,0.432432432432432,NA,0.625,NA,NA,0.641025641025641,NA,NA,0.213058419243986,0.426966292134831,0.43429003021148,0.351664254703329
"neutrophil count","6",0.105882352941176,0.347107438016529,0.590909090909091,NA,0.295454545454545,NA,0.382978723404255,0.42822966507177,0.317757009345794,NA,0.5,0.268608414239482,0.432432432432432,NA,0.59375,NA,NA,0.538461538461538,NA,NA,0.206185567010309,0.438202247191011,0.406344410876133,0.301013024602026
"neutrophil count","7",0.141176470588235,0.231404958677686,0.318181818181818,NA,0.409090909090909,NA,0.368085106382979,0.391148325358852,0.214953271028037,NA,0.53125,0.220064724919094,0.297297297297297,NA,0.484375,NA,NA,0.461538461538462,NA,NA,0.178694158075601,0.359550561797753,0.377643504531722,0.243125904486252
"neutrophil count","8",0.1,0.264462809917355,0.272727272727273,NA,0.295454545454545,NA,0.312765957446809,0.322966507177034,0.177570093457944,NA,0.34375,0.200647249190939,NA,NA,0.40625,NA,NA,0.282051282051282,NA,NA,0.168384879725086,0.280898876404494,0.314954682779456,0.186685962373372
"neutrophil count","9",0.0941176470588235,0.231404958677686,0.159090909090909,NA,0.204545454545455,NA,0.327659574468085,0.326555023923445,0.121495327102804,NA,NA,0.158576051779935,NA,NA,0.34375,NA,NA,0.333333333333333,NA,NA,0.151202749140893,0.179775280898876,0.322507552870091,0.140376266280753
"neutrophil count","10",0.0588235294117647,0.15702479338843,0.204545454545455,NA,0.295454545454545,NA,0.31063829787234,0.289473684210526,0.168224299065421,NA,NA,0.135922330097087,NA,NA,0.328125,NA,NA,0.384615384615385,NA,NA,0.0996563573883162,0.247191011235955,0.293051359516616,0.138929088277858
"neutrophil count","11",0.0294117647058824,0.15702479338843,0.272727272727273,NA,0.159090909090909,NA,0.259574468085106,0.263157894736842,0.11214953271028,NA,NA,0.087378640776699,NA,NA,0.3125,NA,NA,0.256410256410256,NA,NA,0.0824742268041237,0.213483146067416,0.258308157099698,0.0998552821997106
"neutrophil count","12",0.0411764705882353,0.140495867768595,0.159090909090909,NA,0.113636363636364,NA,0.217021276595745,0.261961722488038,NA,NA,NA,0.0517799352750809,NA,NA,0.234375,NA,NA,NA,NA,NA,0.0824742268041237,0.134831460674157,0.242447129909366,0.044862518089725
"neutrophil count","13",0.0470588235294118,0.0991735537190083,0.204545454545455,NA,0.0681818181818182,NA,0.182978723404255,0.211722488038278,NA,NA,NA,0.0453074433656958,NA,NA,0.15625,NA,NA,NA,NA,NA,0.0687285223367698,0.134831460674157,0.198640483383686,0.0347322720694645
"neutrophil count","14",0.0411764705882353,0.0330578512396694,0.113636363636364,NA,0.113636363636364,NA,0.170212765957447,0.215311004784689,NA,NA,NA,0.0388349514563107,NA,NA,NA,NA,NA,NA,NA,NA,0.0378006872852234,0.112359550561798,0.196374622356495,0.0173661360347323
"neutrophil count","15",0.0117647058823529,NA,0.0454545454545455,NA,0.0909090909090909,NA,0.174468085106383,0.190191387559809,NA,NA,NA,NA,NA,NA,NA,NA,NA,NA,NA,NA,0.00687285223367698,0.0674157303370786,0.18202416918429,0
"neutrophil count","16",0.0176470588235294,NA,0.0454545454545455,NA,NA,NA,0.123404255319149,0.162679425837321,NA,NA,NA,NA,NA,NA,NA,NA,NA,NA,NA,NA,0.0103092783505155,0.0224719101123595,0.146525679758308,0
"neutrophil count","17",0.00588235294117647,NA,0.0227272727272727,NA,NA,NA,0.121276595744681,0.148325358851675,NA,NA,NA,NA,NA,NA,NA,NA,NA,NA,NA,NA,0.00343642611683849,0.0112359550561798,0.136706948640483,0
"neutrophil count","18",0.0294117647058824,NA,0.0227272727272727,NA,NA,NA,0.0787234042553192,0.145933014354067,NA,NA,NA,NA,NA,NA,NA,NA,NA,NA,NA,NA,0.0171821305841924,0.0112359550561798,0.120090634441088,0
"neutrophil count","19",NA,NA,NA,NA,NA,NA,0.0978723404255319,0.131578947368421,NA,NA,NA,NA,NA,NA,NA,NA,NA,NA,NA,NA,0,0,0.117824773413897,0
"neutrophil count","20",NA,NA,0.0454545454545455,NA,NA,NA,0.0680851063829787,0.107655502392345,NA,NA,NA,NA,NA,NA,NA,NA,NA,NA,NA,NA,0,0.0224719101123595,0.0921450151057402,0
"neutrophil count","21",NA,NA,NA,NA,NA,NA,0.0659574468085106,0.0897129186602871,NA,NA,NA,NA,NA,NA,NA,NA,NA,NA,NA,NA,0,0,0.0800604229607251,0
"neutrophil count","22",NA,NA,NA,NA,NA,NA,0.0553191489361702,0.0789473684210526,NA,NA,NA,NA,NA,NA,NA,NA,NA,NA,NA,NA,0,0,0.0694864048338369,0
"neutrophil count","23",NA,NA,0.0227272727272727,NA,NA,NA,0.0319148936170213,0.0657894736842105,NA,NA,NA,NA,NA,NA,NA,NA,NA,NA,NA,NA,0,0.0112359550561798,0.0528700906344411,0
"neutrophil count","24",NA,NA,NA,NA,NA,NA,0.0446808510638298,0.0550239234449761,NA,NA,NA,NA,NA,NA,NA,NA,NA,NA,NA,NA,0,0,0.0506042296072508,0
"D-dimer","n_max",60,228,27,10,0,4,0,245,54,172,0,0,13,15,41,0,0,10,0,0,288,37,249,305
"D-dimer","0",0.0333333333333333,0.12719298245614,0.592592592592593,NA,NA,NA,NA,0.706122448979592,0.62962962962963,0.0813953488372093,NA,NA,NA,NA,NA,NA,NA,NA,NA,NA,0.107638888888889,0.432432432432432,0.694779116465863,0.157377049180328
"D-dimer","1",1,1,1,NA,NA,NA,NA,1,1,1,NA,NA,NA,NA,1,NA,NA,NA,NA,NA,1,0.72972972972973,0.983935742971888,0.875409836065574
"D-dimer","2",0.15,0.228070175438596,0.851851851851852,NA,NA,NA,NA,0.404081632653061,0.5,0.790697674418605,NA,NA,NA,NA,0.634146341463415,NA,NA,NA,NA,NA,0.211805555555556,0.621621621621622,0.397590361445783,0.619672131147541
"D-dimer","3",0.15,0.179824561403509,0.555555555555556,NA,NA,NA,NA,0.530612244897959,0.407407407407407,0.616279069767442,NA,NA,NA,NA,0.951219512195122,NA,NA,NA,NA,NA,0.173611111111111,0.405405405405405,0.522088353413655,0.547540983606557
"D-dimer","4",0.1,0.214912280701754,0.555555555555556,NA,NA,NA,NA,0.522448979591837,0.296296296296296,0.575581395348837,NA,NA,NA,NA,0.75609756097561,NA,NA,NA,NA,NA,0.190972222222222,0.405405405405405,0.514056224899598,0.478688524590164
"D-dimer","5",0.183333333333333,0.105263157894737,0.481481481481481,NA,NA,NA,NA,0.477551020408163,0.259259259259259,0.552325581395349,NA,NA,NA,NA,0.609756097560976,NA,NA,NA,NA,NA,0.121527777777778,0.351351351351351,0.469879518072289,0.439344262295082
"D-dimer","6",0.116666666666667,0.140350877192982,0.407407407407407,NA,NA,NA,NA,0.551020408163265,0.259259259259259,0.430232558139535,NA,NA,NA,NA,0.634146341463415,NA,NA,NA,NA,NA,0.135416666666667,0.297297297297297,0.542168674698795,0.373770491803279
"D-dimer","7",0.133333333333333,0.149122807017544,0.296296296296296,NA,NA,NA,NA,0.551020408163265,NA,0.308139534883721,NA,NA,NA,NA,0.463414634146341,NA,NA,NA,NA,NA,0.145833333333333,0.216216216216216,0.542168674698795,0.236065573770492
"D-dimer","8",0.166666666666667,0.0657894736842105,0.333333333333333,NA,NA,NA,NA,0.485714285714286,0.203703703703704,0.244186046511628,NA,NA,NA,NA,0.463414634146341,NA,NA,NA,NA,NA,0.0868055555555556,0.243243243243243,0.477911646586345,0.236065573770492
"D-dimer","9",0.05,0.0921052631578947,0.296296296296296,NA,NA,NA,NA,0.514285714285714,NA,0.174418604651163,NA,NA,NA,NA,0.390243902439024,NA,NA,NA,NA,NA,0.0833333333333333,0.216216216216216,0.506024096385542,0.150819672131148
"D-dimer","10",0.1,0.043859649122807,0.111111111111111,NA,NA,NA,NA,0.477551020408163,0.222222222222222,0.122093023255814,NA,NA,NA,NA,0.390243902439024,NA,NA,NA,NA,NA,0.0555555555555556,0.0810810810810811,0.469879518072289,0.160655737704918
"D-dimer","11",0.0833333333333333,0.0350877192982456,0.148148148148148,NA,NA,NA,NA,0.493877551020408,NA,0.0988372093023256,NA,NA,NA,NA,0.365853658536585,NA,NA,NA,NA,NA,0.0451388888888889,0.108108108108108,0.485943775100402,0.104918032786885
"D-dimer","12",0.0833333333333333,0.0350877192982456,0.0740740740740741,NA,NA,NA,NA,0.481632653061224,NA,0.0755813953488372,NA,NA,NA,NA,0.268292682926829,NA,NA,NA,NA,NA,0.0451388888888889,0.0540540540540541,0.473895582329317,0.0786885245901639
"D-dimer","13",0.0333333333333333,0.0219298245614035,0.185185185185185,NA,NA,NA,NA,0.428571428571429,NA,0.063953488372093,NA,NA,NA,NA,NA,NA,NA,NA,NA,NA,0.0243055555555556,0.135135135135135,0.421686746987952,0.0360655737704918
"D-dimer","14",0.0333333333333333,0.0307017543859649,0.185185185185185,NA,NA,NA,NA,0.436734693877551,NA,NA,NA,NA,NA,NA,NA,NA,NA,NA,NA,NA,0.03125,0.135135135135135,0.429718875502008,0
"D-dimer","15",0.0666666666666667,0.0219298245614035,0.037037037037037,NA,NA,NA,NA,0.420408163265306,NA,NA,NA,NA,NA,NA,NA,NA,NA,NA,NA,NA,0.03125,0.027027027027027,0.413654618473896,0
"D-dimer","16",0.05,0.0394736842105263,0.037037037037037,NA,NA,NA,NA,0.330612244897959,NA,NA,NA,NA,NA,NA,NA,NA,NA,NA,NA,NA,0.0416666666666667,0.027027027027027,0.325301204819277,0
"D-dimer","17",NA,NA,0.0740740740740741,NA,NA,NA,NA,0.330612244897959,NA,NA,NA,NA,NA,NA,NA,NA,NA,NA,NA,NA,0,0.0540540540540541,0.325301204819277,0
"D-dimer","18",NA,NA,0.0740740740740741,NA,NA,NA,NA,0.326530612244898,NA,NA,NA,NA,NA,NA,NA,NA,NA,NA,NA,NA,0,0.0540540540540541,0.321285140562249,0
"D-dimer","19",0.05,NA,NA,NA,NA,NA,NA,0.261224489795918,NA,NA,NA,NA,NA,NA,NA,NA,NA,NA,NA,NA,0.0104166666666667,0,0.257028112449799,0
"D-dimer","20",NA,NA,0.037037037037037,NA,NA,NA,NA,0.228571428571429,NA,NA,NA,NA,NA,NA,NA,NA,NA,NA,NA,NA,0,0.027027027027027,0.224899598393574,0
"D-dimer","21",NA,NA,NA,NA,NA,NA,NA,0.23265306122449,NA,NA,NA,NA,NA,NA,NA,NA,NA,NA,NA,NA,0,0,0.228915662650602,0
"procalcitonin","n_max",53,491,73,7,0,8,0,145,0,0,0,200,18,0,56,0,0,15,5,0,544,80,153,294
"procalcitonin","0",0.0377358490566038,0.116089613034623,0.712328767123288,NA,NA,NA,NA,0.193103448275862,NA,NA,NA,NA,NA,NA,NA,NA,NA,NA,NA,NA,0.108455882352941,0.65,0.183006535947712,0
"procalcitonin","1",1,1,1,NA,NA,NA,NA,0.468965517241379,NA,NA,NA,1,NA,NA,1,NA,NA,NA,NA,NA,1,0.9125,0.444444444444444,0.870748299319728
"procalcitonin","2",0.207547169811321,0.329938900203666,0.876712328767123,NA,NA,NA,NA,0.862068965517241,NA,NA,NA,0.48,NA,NA,0.303571428571429,NA,NA,NA,NA,NA,0.318014705882353,0.8,0.816993464052287,0.384353741496599
"procalcitonin","3",0.30188679245283,0.268839103869654,0.726027397260274,NA,NA,NA,NA,0.931034482758621,NA,NA,NA,0.355,NA,NA,NA,NA,NA,NA,NA,NA,0.272058823529412,0.6625,0.882352941176471,0.241496598639456
"procalcitonin","4",0.0943396226415094,0.209775967413442,0.63013698630137,NA,NA,NA,NA,0.937931034482759,NA,NA,NA,0.27,NA,NA,NA,NA,NA,NA,NA,NA,0.198529411764706,0.575,0.888888888888889,0.183673469387755
"procalcitonin","5",0.150943396226415,0.130346232179226,0.479452054794521,NA,NA,NA,NA,0.903448275862069,NA,NA,NA,0.22,NA,NA,NA,NA,NA,NA,NA,NA,0.132352941176471,0.4375,0.856209150326797,0.149659863945578
"procalcitonin","6",0.0943396226415094,0.124236252545825,0.465753424657534,NA,NA,NA,NA,1,NA,NA,NA,0.18,NA,NA,0.178571428571429,NA,NA,NA,NA,NA,0.121323529411765,0.425,0.947712418300654,0.156462585034014
"procalcitonin","7",0.0943396226415094,0.116089613034623,0.36986301369863,NA,NA,NA,NA,0.903448275862069,NA,NA,NA,0.14,NA,NA,NA,NA,NA,NA,NA,NA,0.113970588235294,0.3375,0.856209150326797,0.0952380952380952
"procalcitonin","8",0.0566037735849057,0.0753564154786151,0.287671232876712,NA,NA,NA,NA,0.903448275862069,NA,NA,NA,0.1,NA,NA,NA,NA,NA,NA,NA,NA,0.0735294117647059,0.2625,0.856209150326797,0.0680272108843537
"procalcitonin","9",0.0188679245283019,0.0509164969450102,0.232876712328767,NA,NA,NA,NA,0.820689655172414,NA,NA,NA,0.095,NA,NA,NA,NA,NA,NA,NA,NA,0.0477941176470588,0.2125,0.777777777777778,0.0646258503401361
"procalcitonin","10",0.0188679245283019,0.0468431771894094,0.232876712328767,NA,NA,NA,NA,0.76551724137931,NA,NA,NA,0.065,NA,NA,NA,NA,NA,NA,NA,NA,0.0441176470588235,0.2125,0.725490196078431,0.0442176870748299
"procalcitonin","11",NA,0.044806517311609,0.205479452054795,NA,NA,NA,NA,0.724137931034483,NA,NA,NA,0.05,NA,NA,NA,NA,NA,NA,NA,NA,0.0404411764705882,0.1875,0.686274509803922,0.0340136054421769
"procalcitonin","12",0.0377358490566038,0.044806517311609,0.205479452054795,NA,NA,NA,NA,0.655172413793103,NA,NA,NA,NA,NA,NA,NA,NA,NA,NA,NA,NA,0.0441176470588235,0.1875,0.620915032679739,0
"procalcitonin","13",0.0188679245283019,0.0244399185336049,0.136986301369863,NA,NA,NA,NA,0.675862068965517,NA,NA,NA,NA,NA,NA,NA,NA,NA,NA,NA,NA,0.0238970588235294,0.125,0.640522875816993,0
"procalcitonin","14",0.0188679245283019,0.0203665987780041,0.10958904109589,NA,NA,NA,NA,0.606896551724138,NA,NA,NA,NA,NA,NA,NA,NA,NA,NA,NA,NA,0.0202205882352941,0.1,0.57516339869281,0
"procalcitonin","15",NA,NA,0.0684931506849315,NA,NA,NA,NA,0.551724137931034,NA,NA,NA,NA,NA,NA,NA,NA,NA,NA,NA,NA,0,0.0625,0.522875816993464,0
"procalcitonin","16",0.0188679245283019,0.0162932790224033,0.0684931506849315,NA,NA,NA,NA,0.496551724137931,NA,NA,NA,NA,NA,NA,NA,NA,NA,NA,NA,NA,0.0165441176470588,0.0625,0.470588235294118,0
"procalcitonin","17",0.0188679245283019,0.0122199592668024,0.0273972602739726,NA,NA,NA,NA,0.441379310344828,NA,NA,NA,NA,NA,NA,NA,NA,NA,NA,NA,NA,0.0128676470588235,0.025,0.418300653594771,0
"procalcitonin","18",0.0188679245283019,NA,0.0410958904109589,NA,NA,NA,NA,0.36551724137931,NA,NA,NA,NA,NA,NA,NA,NA,NA,NA,NA,NA,0.00183823529411765,0.0375,0.34640522875817,0
"procalcitonin","19",NA,NA,0.0136986301369863,NA,NA,NA,NA,0.372413793103448,NA,NA,NA,NA,NA,NA,NA,NA,NA,NA,NA,NA,0,0.0125,0.352941176470588,0
